,JORNALES DIARIOS,,,,,,,,,,,,,,,,
,Maestro (MA),DIA,"RD$2,941.78",,,,,,,,,,,,,,
,Trabajador de 1ra Categoría (T1),DIA,"RD$2,334.67",,,,,,,,,,,,,,
,Trabajador de 2da Categoría (T2),DIA,"RD$1,867.44",,,,,,,,,,,,,,
,Trabajador de 3ra Categoría - Terminador (T3),DIA,"RD$1,636.80",,,,,,,,,,,,,,
,Ayudante (AY),DIA,"RD$1,260.34",,,,,,,,,,,,,,
,Trabajador Calificado (TC),DIA,"RD$1,072.85",,,,,,,,,,,,,,
,Peón o Trabajador No Calificado (PE),DIA,RD$980.59,,,,,,,,,,,,,,
,,,,,,BRIGADAS,,,,,,,,,,,
CODIGO,DESCRIPCION,UND,PU,REND/DIA,Brigada/dia,MA,T1,T2,T3,AY,TC,PE,SUPLIDOR,,,,
100.00,EXCAVACIONES,,,,,,,,,,,,MINIBANNER CON LINK,,,,
100.01,Excavación a mano en tierra,M3N,RD$653.73,1.50,RD$980.59,,,,,,,1,MINIBANNER CON LINK,,,,
100.02,Excavación a mano en caliche,M3N,RD$980.59,1.00,RD$980.59,,,,,,,1,MINIBANNER CON LINK,,,,
100.03,Excavación a mano en roca,M3N,"RD$1,961.18",0.50,RD$980.59,,,,,,,1,MINIBANNER CON LINK,,,,
,*Excavaciones con equipos en Análisis de Costos Equipos,,,,,,,,,,,,,,,,
200.00,MO COLOCACION ACERO,,,,,,,,,,,,MINIBANNER CON LINK,,,,
200.01,Coloc. acero alta resistencia,QQ,RD$723.91,8.95,"RD$6,535.31",1,,,,2,1,,MINIBANNER CON LINK,,,,
200.02,"Coloc. acero col. 3/8"" ó 1/2"", hasta 6 de 1/2""",ML,RD$160.51,32.58,"RD$5,274.97",1,,,,1,1,,MINIBANNER CON LINK,,,,
200.03,"Coloc. acero dintel y v. Amarre hasta 20x.40 y ˝"" ó 3/8""",ML,RD$160.51,32.58,"RD$5,274.97",1,,,,1,1,,MINIBANNER CON LINK,,,,
200.04,Coloc. acero malla electrosoldada,M2,RD$57.31,92.05,"RD$5,274.97",1,,,,1,1,,MINIBANNER CON LINK,,,,
200.05,Coloc. acero malla electrosoldada,QQ,RD$723.91,7.22,"RD$5,274.97",1,,,,1,1,,MINIBANNER CON LINK,,,,
200.06,Coloc. acero normal,QQ,RD$723.91,10.86,"RD$5,274.97",1,,,,1,1,,MINIBANNER CON LINK,,,,
200.07,Coloc. acero rampa escalera corriente,RAMPA,"RD$4,220.70",1.53,"RD$6,535.31",1,,,,2,1,,MINIBANNER CON LINK,,,,
200.08,"Coloc. acero viga 6 de ˝"" ó ľ"", 2 de 1"" y 2 de ľ"", 25x40",ML,RD$160.51,40.36,"RD$6,535.31",1,,,,2,1,,MINIBANNER CON LINK,,,,
200.09,Coloc. acero viga postens. y pórticos en col.,QQ,RD$764.88,8.47,"RD$6,535.31",1,,,,2,1,,MINIBANNER CON LINK,,,,
200.10,"Coloc. acero zapata de muros, cols y vigas amarre",ML,RD$160.51,32.58,"RD$5,274.97",1,,,,1,1,,MINIBANNER CON LINK,,,,
200.11,Colocación varillas (incremento precio por altura) en 2do nivel,-,10%,-,,,,,,,,,,,,,
200.12,Colocación varillas (incremento precio por altura) en 3ro nivel,-,15%,-,,,,,,,,,,,,,
200.13,Colocación varillas (incremento precio por altura) en 4to nivel,-,20%,-,,,,,,,,,,,,,
200.14,Colocación varillas (incremento precio por altura) en 5to nivel,-,25%,-,,,,,,,,,,,,,
200.15,Colocación varillas (incremento precio por altura) en 6to nivel en adelante,-,30%,-,,,,,,,,,,,,,
300.00,MO CARPINTERIA-ENCOFRADOS - TODO COSTO,,,,,,,,,,,,MINIBANNER CON LINK,,,,
300.01,Losas Planas < 2.60m altura,M2,RD$889.54,17.05,,,1,,,2,,,MINIBANNER CON LINK,,,,
300.02,Vuelos Planos < 2.60m altura,ML,RD$889.54,19.65,,,1,,,2,,,MINIBANNER CON LINK,,,,
300.03,Losas Planas hasta 3.00m de altura,M2,RD$932.58,16.50,,,1,,,2,,,MINIBANNER CON LINK,,,,
300.04,Vuelos planos hasta 3.00m de altura,ML,RD$932.58,18.50,,,1,,,2,,,MINIBANNER CON LINK,,,,
300.05,Losas inclinadas en 1 dirección hasta altura 3.00m,M2,RD$903.89,16.80,,,1,,,2,,,MINIBANNER CON LINK,,,,
300.06,Losas Inclincadas en 2 direcciones hasta altura 3.00m,M2,RD$903.89,15.50,,,1,,,2,,,MINIBANNER CON LINK,,,,
300.07,Vuelos inclinados en 2 direccciones hasta altura 3.00m,ML,RD$968.45,15.50,,,1,,,2,,,MINIBANNER CON LINK,,,,
300.08,Losas inclinadas < de 2 limas hasta altura 3.00m,M2,RD$968.45,8.00,,,1,,,2,,,MINIBANNER CON LINK,,,,
300.09,Vuelos en losas inclinadas < de 2 limas hasta altura 3.00m,ML,RD$968.45,13.50,,,1,,,2,,,MINIBANNER CON LINK,,,,
300.10,Losas inclinadas > de 2 limas hasta altura de 3.00m,M2,"RD$1,140.62",8.00,,,1,,,2,,,MINIBANNER CON LINK,,,,
300.11,Vuelos en losas inclinadas > de 2 limas hasta altura 3.00m,ML,"RD$1,140.62",13.50,,,1,,,2,,,MINIBANNER CON LINK,,,,
300.12,Losas Planas > 3.00m altura hasta 3.50m ,M2,RD$932.58,16.00,,,1,,,2,,,MINIBANNER CON LINK,,,,
300.13,Losas Planas > 3.50m altura hasta 4.00m ,M2,"RD$1,011.49",15.50,,,1,,,2,,,MINIBANNER CON LINK,,,,
300.14,Vuelos Planos > 3.00m altura hasta 3.50m,ML,RD$502.16,15.00,,,1,,,2,,,MINIBANNER CON LINK,,,,
300.15,Vuelos Planos > 3.50m altura hasta 4.00m,ML,"RD$1,011.49",14.00,,,1,,,2,,,MINIBANNER CON LINK,,,,
300.16,Muros trancados o atornillados por cara,M2,"RD$1,360.53",7.50,,,1,,,2,,,MINIBANNER CON LINK,,,,
300.17,Muros en vigas por cara,M2,"RD$1,391.28",8.00,,,1,,,2,,,MINIBANNER CON LINK,,,,
300.18,Vigas de amarre < 0.30m,ML,RD$576.50,22.00,,,1,,,2,,,MINIBANNER CON LINK,,,,
300.19,Vigas sobre muros < 0.30m,ML,RD$516.51,20.00,,,1,,,2,,,MINIBANNER CON LINK,,,,
300.20,Vigas sobre muros > 0.30m < 0.50m,ML,RD$753.24,15.50,,,1,,,2,,,MINIBANNER CON LINK,,,,
300.21,Vigas de carga 0.15m a 0.20m x Altura < 0.40m,ML,"RD$1,047.36",9.50,,,1,,,2,,,MINIBANNER CON LINK,,,,
300.22,"Vigas de carga 0.15m a 0.20m x Altura > 0.40m, para cada cm adicional hasta 0.80m, a partir de 0.80m se considera muro",ML,RD$35.15,-,,,1,,,2,,,MINIBANNER CON LINK,,,,
300.23,"Vigas de carga > 0.20m de base, para cada cm adicional hasta 0.50m, a partir de 0.50m se considera muro",ML,RD$35.15,-,,,1,,,2,,,MINIBANNER CON LINK,,,,
300.24,"Vigas invertidas, se consideran igual a vigas de carga",ML,"RD$1,219.53",9.50,,,1,,,2,,,MINIBANNER CON LINK,,,,
300.25,Pérgolas < 0.20m x 0.40m,ML,"RD$1,140.62",12.50,,,1,,,2,,,MINIBANNER CON LINK,,,,
300.26,Dinteles < 0.20mx0.20m,ML,RD$832.15,22.00,,,1,,,2,,,MINIBANNER CON LINK,,,,
300.27,"Columnas < 0.30m de cara, por cara",ML,RD$647.72,9.50,,,1,,,2,,,MINIBANNER CON LINK,,,,
300.28,"Columnas > 0.30m de cara, por cada 0.10m de ancho hasta 0.80m, a partir de 0.80m se considera muro",ML,RD$78.91,-,,,1,,,2,,,MINIBANNER CON LINK,,,,
300.29,Columnas cilíndricas de 0.20m,ML,"RD$1,422.02",4.50,,,1,,,2,,,MINIBANNER CON LINK,,,,
300.30,Columnas cilíndricas de 0.30m,ML,"RD$1,867.85",3.50,,,1,,,2,,,MINIBANNER CON LINK,,,,
300.31,Columnas cilíndricas de 0.40m,ML,"RD$2,482.78",3.00,,,1,,,2,,,MINIBANNER CON LINK,,,,
300.32,"Muros en columnas, por cara",M2,"RD$1,298.44",7.50,,,1,,,2,,,MINIBANNER CON LINK,,,,
300.33,Guarderas en losas,ML,RD$258.25,50.00,,,1,,,2,,,MINIBANNER CON LINK,,,,
300.34,Guarderas en plateas,ML,RD$258.25,40.00,,,1,,,2,,,MINIBANNER CON LINK,,,,
300.35,"Cornizas en losas, por cara",ML,RD$903.89,32.50,,,1,,,2,,,MINIBANNER CON LINK,,,,
300.36,"Rampas de escaleras, 2 tramos",UND,"RD$14,311.52",1.25,,,1,,,2,,,MINIBANNER CON LINK,,,,
300.37,Andamios en madera,M2,RD$172.17,15.00,,,1,,,2,,,MINIBANNER CON LINK,,,,
400.00,MO CARPINTERIA - SOLO MANO DE OBRA,,,,,,,,,,,,,,,,
401.00,MOLDES PARA COLUMNAS TAPA Y TAPA,,,,,,,,,,,,,,,,
401.01,Columnas 2 tapas con retalle hasta 0.10 mts.,ML,RD$325.38,15.05,"RD$4,855.35",,1,,,2,,,MINIBANNER CON LINK,,,,
401.02,Columnas 2 tapas con retalle de más de 0.10 mts. hasta 0.20 mts.,ML,RD$364.82,13.42,"RD$4,855.35",,1,,,2,,,MINIBANNER CON LINK,,,,
401.03,Columnas 2 tapas con retalle de más de 0.20 mts. hasta 0.30 mts.,ML,RD$407.57,12.02,"RD$4,855.35",,1,,,2,,,MINIBANNER CON LINK,,,,
401.04,Columnas tapa y tapa de hasta 0.30 mts. de ancho,ML,RD$203.78,24.03,"RD$4,855.35",,1,,,2,,,,,,,
401.05,Columnas tapa y tapa de hasta 0.30 mts. hasta 0.40 mts. de ancho,ML,RD$246.50,19.87,"RD$4,855.35",,1,,,2,,,,,,,
401.06,Columnas tapa y tapa de hasta 0.40 mts. hasta 0.50 mts. de ancho,ML,RD$282.66,17.33,"RD$4,855.35",,1,,,2,,,,,,,
402.00,CONFECCION MOLDES COLS CUADRADAS Y RECTANG.,,,,,,,,,,,,,,,,
402.01,De 0.20 x 0.20 mts. hasta 0.30 x 0.30 mts.,ML,RD$246.50,19.87,"RD$4,855.35",,1,,,2,,,MINIBANNER CON LINK,,,,
402.02,De más de 0.30 x 0.30 mts. Hasta 0.40 x 0.40 mts.,ML,RD$282.04,17.33,"RD$4,855.35",,1,,,2,,,MINIBANNER CON LINK,,,,
402.03,De más de 0.40 x 0.40 mts. Hasta 0.50 x 0.50 mts.,ML,RD$325.35,15.05,"RD$4,855.35",,1,,,2,,,MINIBANNER CON LINK,,,,
402.04,De más de 0.50 x 0.50 mts. Hasta 0.60 x 0.60 mts.,ML,RD$407.57,12.02,"RD$4,855.35",,1,,,2,,,,,,,
402.05,De más de 0.60 x 0.60 mts. Hasta 0.70 x 0.70 mts.,ML,RD$486.44,10.07,"RD$4,855.35",,1,,,2,,,,,,,
402.06,De más de 0.70 x 0.70 mts. Hasta 0.80 x 0.80 mts.,ML,RD$568.61,8.61,"RD$4,855.35",,1,,,2,,,,,,,
402.07,De más de 0.80 x 0.80 mts. Hasta 1.00 x 1.00 mts.,ML,RD$647.48,7.56,"RD$4,855.35",,1,,,2,,,,,,,
403.00,INSTALACION MOLDES COLS CUADRADAS Y RECTANG.,,,,,,,,,,,,,,,,
403.01,De 0.20 x 0.20 mts. hasta 0.30 x 0.30 mts.,ML,RD$282.66,17.33,"RD$4,855.35",,1,,,2,,,MINIBANNER CON LINK,,,,
403.02,De más de 0.30 x 0.30 mts. Hasta 0.40 x 0.40 mts.,ML,RD$364.84,13.42,"RD$4,855.35",,1,,,2,,,MINIBANNER CON LINK,,,,
403.03,De más de 0.40 x 0.40 mts. Hasta 0.50 x 0.50 mts.,ML,RD$407.57,12.02,"RD$4,855.35",,1,,,2,,,MINIBANNER CON LINK,,,,
403.04,De más de 0.50 x 0.50 mts. Hasta 0.60 x 0.60 mts.,ML,RD$647.48,7.56,"RD$4,855.35",,1,,,2,,,,,,,
403.05,De más de 0.60 x 0.60 mts. Hasta 0.70 x 0.70 mts.,ML,RD$732.95,6.68,"RD$4,855.35",,1,,,2,,,,,,,
403.06,De más de 0.70 x 0.70 mts. Hasta 0.80 x 0.80 mts.,ML,RD$808.54,6.06,"RD$4,855.35",,1,,,2,,,,,,,
403.07,De más de 0.80 x 0.80 mts. Hasta 1.00 x 1.00 mts.,ML,RD$972.86,5.03,"RD$4,855.35",,1,,,2,,,,,,,
404.00,CONFECCION E INSTALACION MOLDES COLS REDONDAS,,,,,,,,,,,,,,,,
404.01,Confección de moldes para columnas cónicas de hasta 0.50 mts.,ML,RD$893.99,5.48,"RD$4,855.35",,1,,,2,,,MINIBANNER CON LINK,,,,
404.02,Instalación de moldes para columnas cónicas de hasta 0.50 mts.,ML,RD$364.82,13.42,"RD$4,855.35",,1,,,2,,,MINIBANNER CON LINK,,,,
404.03,Confección de moldes para columnas redondas de hasta 0.50 mts.,ML,RD$690.78,7.09,"RD$4,855.35",,1,,,2,,,MINIBANNER CON LINK,,,,
404.04,Instalación de moldes para columnas redondas de hasta 0.50 mts.,ML,RD$364.82,13.42,"RD$4,855.35",,1,,,2,,,,,,,
404.05,*Por cada 0.10m de diám. que exceda 0.50m se incrementará precio 20%,,,,,,,,,,,,,,,,
405.00,CONFECCION E INSTALACION MOLDES PARA MUROS,,,,,,,,,,,,,,,,
405.01,"Confección molde muro hormigón armado, ambas caras lisas. Cada cara",M2,RD$295.81,16.55,"RD$4,855.35",,1,,,2,,,MINIBANNER CON LINK,,,,
405.02,Instalación de moldes para muros de hormigón armado. Cada cara,M2,RD$371.40,13.19,"RD$4,855.35",,1,,,2,,,MINIBANNER CON LINK,,,,
405.03,"Moldes prefabricados multiples, transportados mecánicamente, por cara",M2,RD$24.20,123.36,"RD$4,855.35",,1,,,2,,,,,,,
406.00,CONFECCION E INSTALACION MOLDES VIGAS Y DINTELES,,,,,,,,,,,,,,,,
406.01,Confección e instalación de moldes para vigas de zapata hasta 0.40 mts. x 0.40 mts.,ML,RD$295.81,16.55,"RD$4,855.35",,1,,,2,,,MINIBANNER CON LINK,,,,
406.02,Confección e instalación de moldes para vigas de zapata de más de 0.40 mts. X 0.40 mts. hasta 0.50 mts.  x 0.50 mts.,ML,RD$203.78,24.03,"RD$4,855.35",,1,,,2,,,MINIBANNER CON LINK,,,,
406.03,Confección e instalación de moldes para vigas de zapata de más de 0.50 mts. X 0.50 mts. hasta 0.60 mts. x 0.60 mts.,ML,RD$246.50,19.87,"RD$4,855.35",,1,,,2,,,MINIBANNER CON LINK,,,,
406.04,Confección e instalación de moldes para vigas de zapata de amarre de 0.15 mts. ó 0.20 mts. de ancho por 0.20 mts. de altura.,ML,RD$246.50,19.87,"RD$4,855.35",,1,,,2,,,,,,,
406.05,Confección e instalación de moldes para vigas de amarre de 0.15 mts. ó 0.20 mts. de ancho por 0.30 mts. de altura.,ML,RD$282.04,17.33,"RD$4,855.35",,1,,,2,,,,,,,
406.06,Confección e instalación de moldes para vigas de amarre de 0.15 mts. ó 0.20 mts. de ancho por 0.40 mts. de altura.,ML,RD$325.38,15.05,"RD$4,855.35",,1,,,2,,,,,,,
406.07,Confección e instalación de moldes para vigas de  amarre de 0.15 mts. ó 0.20 mts. de ancho por 0.50 mts. de altura.,ML,RD$364.82,13.42,"RD$4,855.35",,1,,,2,,,,,,,
406.08,Confección e instalación de moldes para vigas invertidas. Por cada 0.10 mts. de altura (ambas caras).  ,ML,RD$121.60,40.27,"RD$4,855.35",,1,,,2,,,,,,,
406.09,Confección e instalación de moldes para vigas de carga. Por cada 0.10 mts. de fondo.,ML,RD$59.15,82.79,"RD$4,855.35",,1,,,2,,,,,,,
406.10,Confección e instalación de moldes para vigas de carga. Por cada 0.10 mts. de altura.,ML,RD$85.45,57.31,"RD$4,855.35",,1,,,2,,,,,,,
406.11,Confección e instalación de moldes para dinteles de hasta 2.00 mts. de largo y hasta 0.20 mts. de ancho. ,ML,RD$407.57,12.02,"RD$4,855.35",,1,,,2,,,,,,,
406.12,Confección e instalación de moldes para dinteles de hasta 2.00 mts. de largo y más de 0.20 mts.  y hasta 0.40 mts. de ancho. ,ML,RD$568.66,8.61,"RD$4,855.35",,1,,,2,,,,,,,
406.13,*Los moldes de mas de 2.00m de largo se pagarán como viga,,,,,,,,,,,,,,,,
406.14,*En vigas de carga cuando la altura de apuntalamiento sea mayor de 3.60m el precio se incrementará 20% por cada metro o fracción de metro,,,,,,,,,,,,,,,,
407.00,HECHURA DE FALSOS PISOS,,,,,,,,,,,,,,,,
407.01,De hasta 2.75 mts. de altura,M2,RD$246.50,19.87,"RD$4,855.35",,1,,,2,,,MINIBANNER CON LINK,,,,
407.02,De más de 2.75 mts. hasta 3.00 mts. de altura,M2,RD$282.66,17.33,"RD$4,855.35",,1,,,2,,,MINIBANNER CON LINK,,,,
407.03,De más de 3.00 mts. hasta 4.00 mts. de altura,M2,RD$325.38,15.05,"RD$4,855.35",,1,,,2,,,MINIBANNER CON LINK,,,,
407.04,De más de 4.00 mts. hasta 5.00 mts. de altura,M2,RD$364.82,13.42,"RD$4,855.35",,1,,,2,,,,,,,
407.05,De más de 5.00 mts. hasta 6.00 mts. de altura,M2,RD$407.57,12.02,"RD$4,855.35",,1,,,2,,,,,,,
408.00,OTROS - CARPINTERIA,,,,,,,,,,,,,,,,
408.01,Moldes para arcos de hasta 0.20 mts. de fondo y hasta 0.30 mts. de radio,M2,RD$808.55,6.06,"RD$4,855.35",,1,,,2,,,MINIBANNER CON LINK,,,,
408.02,"Moldes para voladizos independientes del falso piso, hasta 0.50m de ancho por cada 0.10m",ML,RD$85.45,57.31,"RD$4,855.35",,1,,,2,,,MINIBANNER CON LINK,,,,
408.03,Rampas de escaleras lisas,M2,RD$808.55,6.06,"RD$4,855.35",,1,,,2,,,MINIBANNER CON LINK,,,,
408.04,Antepechos de hasta 0.50m por cada 0.10m de altura,ML,RD$85.45,57.31,"RD$4,855.35",,1,,,2,,,,,,,
408.05,Cornisas,ML,PA,-,,,,,,,,,,,,,
409.00,DESENCOFRADOS,,,,,,,,,,,,,,,,
409.01,Desencofrado de columnas - solo área de contacto,M2,RD$42.73,114.59,"RD$4,855.35",,1,,,2,,,MINIBANNER CON LINK,,,,
409.02,"Desencofrado en vigas, dinteles y arcos - solo área de contacto",M2,RD$49.31,99.32,"RD$4,855.35",,1,,,2,,,MINIBANNER CON LINK,,,,
409.03,Desencofrado en falsos pisos hasta 2.75m,M2,RD$52.57,93.14,"RD$4,855.35",,1,,,2,,,MINIBANNER CON LINK,,,,
409.04,Desencofrado en falsos pisos mas de 2.75m   se pagara RD$2.08 por cada metro cuadrado adicional,M2,,88.15,"RD$4,855.35",,1,,,2,,,,,,,
410.00,ESTRUCTURAS VARIAS - CARPINTERIA,,,,,,,,,,,,,,,,
410.01,"Confección de tijerilla con clavos, por pie cuadrado de madera utilizada",P2,RD$49.31,99.32,"RD$4,855.35",,1,,,2,,,MINIBANNER CON LINK,,,,
410.02,"Confección de tijerilla con tornillos, por pie cuadrado de madera utilizada",P2,RD$85.45,57.31,"RD$4,855.35",,1,,,2,,,MINIBANNER CON LINK,,,,
410.03,Instalación de tijerillas,UND,P.A.,-,,,,,,,,,MINIBANNER CON LINK,,,,
410.04,"Instalación de planchas de zinc, sin enlatado",UND,RD$65.74,74.49,"RD$4,855.35",,1,,,2,,,,,,,
410.05,"Instalación de planchas de zinc, con enlatado",UND,RD$108.46,45.15,"RD$4,855.35",,1,,,2,,,,,,,
410.06,Instalación de planchas de asbesto cemento de 3’ x 6’ con  enlatado,UND,RD$121.60,40.27,"RD$4,855.35",,1,,,2,,,,,,,
410.07,Instalación de planchas de asbesto cemento de 3’ x 6’ sin  enlatado,UND,RD$96.67,50.66,"RD$4,855.35",,1,,,2,,,,,,,
410.08,Instalación de planchas de asbesto cemento de 3’ x 8’ con  enlatado,UND,RD$138.04,35.48,"RD$4,855.35",,1,,,2,,,,,,,
410.09,Instalación de planchas de asbesto cemento de 3’ x 8’ sin  enlatado,UND,RD$121.60,40.27,"RD$4,855.35",,1,,,2,,,,,,,
410.10,Instalación de caballetes,UND,RD$85.45,57.31,"RD$4,855.35",,1,,,2,,,,,,,
410.11,Instalación de planchas de sisal cemento de 3 x 2 con enlatado,UND,RD$203.78,24.03,"RD$4,855.35",,1,,,2,,,,,,,
411.00,TRABAJOS DE TERMINACION - CARPINTERIA,,,,,,,,,,,,,,,,
411.01,Montura de marcos de madera corriente (pino y maderas similares),UND,RD$95.29,51.39,"RD$4,855.35",,1,,,2,,,MINIBANNER CON LINK,,,,
411.02,Montura de marcos de madera preciosa,UND,RD$121.60,40.27,"RD$4,855.35",,1,,,2,,,MINIBANNER CON LINK,,,,
411.03,Montura de marcos de metal,UND,RD$161.03,30.41,"RD$4,855.35",,1,,,2,,,MINIBANNER CON LINK,,,,
411.04,Confección de puertas con clavos,P2,RD$49.31,99.32,"RD$4,855.35",,1,,,2,,,,,,,
411.05,Confección de puertas en plumilla,P2,RD$96.67,50.66,"RD$4,855.35",,1,,,2,,,,,,,
411.06,Confección de puertas forradas de zinc,P2,RD$121.60,40.27,"RD$4,855.35",,1,,,2,,,,,,,
411.07,Confección de puertas biseladas con clavos,P2,RD$96.67,50.66,"RD$4,855.35",,1,,,2,,,,,,,
411.08,Montura de puertas de pino,UND,RD$808.54,6.06,"RD$4,855.35",,1,,,2,,,,,,,
411.09,Montura de puertas paneladas de tipo corriente,UND,"RD$1,012.32",4.84,"RD$4,855.35",,1,,,2,,,,,,,
411.10,Montura de puertas de vaivén,UND,"RD$1,216.09",4.03,"RD$4,855.35",,1,,,2,,,,,,,
411.11,Montura de puertas plegadizas de corredera,UND,"RD$1,216.09",4.03,"RD$4,855.35",,1,,,2,,,,,,,
411.12,Montura de puertas plegadizas con moldura o cubre falta,UND,"RD$1,620.36",3.02,"RD$4,855.35",,1,,,2,,,,,,,
411.13,"Montura de puertas en plumilla, con cáncamo",UND,"RD$1,620.36",3.02,"RD$4,855.35",,1,,,2,,,,,,,
411.14,Montura de puertas de playwood,UND,RD$808.54,6.06,"RD$4,855.35",,1,,,2,,,,,,,
411.15,Montura de cerradura corriente,UND,RD$604.75,8.10,"RD$4,855.35",,1,,,2,,,,,,,
411.16,Montura de cerradura especial (precio alzado),UND,P.A.,-,,,,,,,,,,,,,
411.17,Forro de closets en madera preciosa,M2,P.A.,-,,,,,,,,,,,,,
411.18,División de playwood (un solo lado),M2,RD$282.66,17.33,"RD$4,855.35",,1,,,2,,,,,,,
411.19,División de playwood (ambos lados),M2,RD$407.57,12.02,"RD$4,855.35",,1,,,2,,,,,,,
411.20,Playwood decorativo,M2,P.A.,-,,,,,,,,,,,,,
411.21,Cielo raso de playwood o cartón piedra,M2,RD$325.38,15.05,"RD$4,855.35",,1,,,2,,,,,,,
411.22,Cielo raso de playwood en cuadros de 2’ x 2’,M2,RD$407.57,12.02,"RD$4,855.35",,1,,,2,,,,,,,
411.23,Cielo raso de asbesto cemento en cuadros de 2’x2’,M2,RD$443.71,11.04,"RD$4,855.35",,1,,,2,,,,,,,
411.24,"Cielo raso de cartón acústico, encostillado",M2,RD$443.71,11.04,"RD$4,855.35",,1,,,2,,,,,,,
411.25,"Forro de paredes en madera preciosa, con altos y bajos relieves.",M2,P.A.,-,,,,,,,,,,,,,
500.00,MO ALBAŃILERIA - COLOCACION BLOQUES HORMIGON,,,,,,,,,,,,MINIBANNER CON LINK,,,,
500.01,"Colocación bloques 4"" x 8"" x 16""",UND,RD$34.91,125.00,"RD$4,200.63",,,1,,1,1,,MINIBANNER CON LINK,,,,
500.02,"Colocación bloques 6"" x 8"" x 16""",UND,RD$29.11,150.00,"RD$4,200.63",,,1,,1,1,,MINIBANNER CON LINK,,,,
500.03,"Colocación bloques 8"" x 8"" x 16""",UND,RD$32.26,135.00,"RD$4,200.63",,,1,,1,1,,MINIBANNER CON LINK,,,,
500.04,Bloque de 12x8x16 pulgs.,UND,RD$59.86,90.00,"RD$5,181.22",,,1,,1,1,1,,,,,
500.05,"Bloque ornamental de 
5x25x20 pulgs. 
",UND,RD$49.75,75.00,"RD$3,127.78",,,1,,1,,,,,,,
500.06,"Bloque irregular
",UND,RD$65.50,75.00,"RD$3,127.78",,,1,,1,,,,,,,
500.07,Bloque de cristal,UND,RD$177.01,20.00,"RD$2,940.29",,,1,,,1,,,,,,
500.08,Block ornamental de barro o cemento,UND,RD$64.38,55.00,"RD$3,127.78",,,1,,1,,,,,,,
500.09,Violinado de bloques por cara,UND,RD$3.85,785.00,"RD$2,940.29",,,1,,,1,,MINIBANNER CON LINK,,,,
500.10,"Llenado de huecos de bloques, bastones a 0.80 M",UND,RD$2.62,1175.00,"RD$2,940.29",,,1,,,1,,,,,,
500.11,"Llenado de huecos de bloques, bastones a 0.60 M",UND,RD$3.85,785.00,"RD$2,940.29",,,1,,,1,,,,,,
500.12,"Llenado de huecos de bloques, bastones a 0.40 M. ",UND,RD$5.28,585.00,"RD$2,940.29",,,1,,,1,,,,,,
500.13,"Llenado de huecos de bloques, Bastones a 0.20 M",UND,RD$9.70,315.00,"RD$2,940.29",,,1,,,1,,,,,,
500.14,"Corte y amarre de varillas en bloques, Bastones a 0.80 M",UND,RD$1.26,2350.00,"RD$2,940.29",,,1,,,1,,,,,,
500.15,"Corte y amarre de varillas en bloques, bastones a 0.60 M.",UND,RD$1.93,1565.00,"RD$2,940.29",,,1,,,1,,,,,,
500.16," Corte y amarre de varillas en bloques, bastones a 0.40 M.",UND,RD$2.62,1175.00,"RD$2,940.29",,,1,,,1,,,,,,
500.17,"Corte y amarre de varillas en bloques, Bastones a 0.20 M.",UND,RD$3.85,785.00,"RD$2,940.29",,,1,,,1,,,,,,
600.00,MO ALBAŃILERIA - TERMINACION SUPERFICIES,,,,,,,,,,,,MINIBANNER CON LINK,,,,
600.01,Instalación y desmonte de andamios en madera,M2,RD$98.91,63.93,"RD$9,710.70",,2,,,4,,,MINIBANNER CON LINK,,,,
600.02,Fraguache/Careteo con llana,M2,RD$55.57,55.00,"RD$2,940.29",,,1,,,1,,MINIBANNER CON LINK,,,,
600.03,Resane en muros con goma,M2,RD$83.86,52.00,"RD$4,200.63",,,1,,1,1,,MINIBANNER CON LINK,,,,
600.04,Resane frotado,M2,RD$52.66,58.00,"RD$2,940.29",,,1,,,1,,,,,,
600.05,Repello maestreado en paredes,M2,RD$138.90,22.00,"RD$2,940.29",,,1,,,1,,MINIBANNER CON LINK,,,,
600.06,Repello maestreado en techos,M2,RD$233.33,16.00,"RD$3,595.01",,1,,,1,,,,,,,
600.07,Repello sin maestrear,M2,RD$66.42,46.00,"RD$2,940.29",,,1,,,1,,,,,,
600.08,Empańete horizontal y vertical a punta de llana,M2,RD$103.84,42.00,"RD$4,200.63",,,1,,1,1,,,,,,
600.09,Empańete maestreado interior o exterior menos de 3m,M2,RD$233.76,28.00,"RD$6,304.66",,1,,1,1,1,,MINIBANNER CON LINK,,,,
600.10,Empańete maestreado exterior mas de 3m,M2,RD$297.52,22.00,"RD$6,304.66",,1,,1,1,1,,MINIBANNER CON LINK,,,,
600.11,Empańete maestreado en techos y vigas ,M2,RD$303.06,14.50,"RD$4,667.86",,1,,,1,1,,MINIBANNER CON LINK,,,,
600.12,Empańete maestreado en columnas,M2,RD$436.48,15.00,"RD$6,304.66",,1,,1,1,1,,MINIBANNER CON LINK,,,,
600.13,Empańete en techo maestreado 2cms mínimo,M2,RD$334.38,14.50,"RD$6,304.66",,1,,1,1,1,,,,,,
600.14,Empańete pulido sin color,M2,RD$255.29,17.00,"RD$4,667.86",,1,,,1,1,,MINIBANNER CON LINK,,,,
600.15,Empańete pulido con color,M2,RD$285.20,19.00,"RD$4,667.86",,1,,,1,1,,,,,,
600.16,Empańete rasgado,M2,RD$404.10,12.00,"RD$4,667.86",,1,,,1,1,,,,,,
600.17,Empańete Hi-Rib 3 capas,M2,RD$484.91,10.00,"RD$4,667.86",,1,,,1,1,,,,,,
600.18,Natilla,M2,RD$134.82,26.00,"RD$3,407.52",,1,,,,1,,,,,,
600.19,Marmolina con piedras,M2,RD$606.14,8.00,"RD$4,667.86",,1,,,1,1,,,,,,
600.20,Marmolina frotada,M2,RD$484.91,10.00,"RD$4,667.86",,1,,,1,1,,,,,,
600.21,Perrilla,M2,RD$484.91,10.00,"RD$4,667.86",,1,,,1,1,,,,,,
600.22,"Terminación 1/2 punto arcos hasta 40cms ancho incluy. 2 caras, fondo y canto",ML,"RD$1,616.50",3.00,"RD$4,667.86",,1,,,1,1,,,,,,
600.23,"Cantos en vigas, columnas, antepecho y mochetas",ML,RD$101.82,30.00,"RD$2,940.29",,,1,,,1,,MINIBANNER CON LINK,,,,
600.24,Estrías,ML,RD$191.00,16.00,"RD$2,940.29",,,1,,,1,,,,,,
600.25,Goteros colgantes,ML,RD$238.96,13.00,"RD$2,940.29",,,1,,,1,,MINIBANNER CON LINK,,,,
600.26,Goteros de ranura,ML,RD$203.70,15.00,"RD$2,940.29",,,1,,,1,,MINIBANNER CON LINK,,,,
600.27,Cornisas hasta 12cms en cemento,ML,RD$538.82,9.00,"RD$4,667.86",,1,,,1,1,,,,,,
600.28,Rústico con llana sin incluir repello,M2,RD$177.01,20.00,"RD$3,407.52",,1,,,,1,,,,,,
600.29,Lágrimas en cemento,M2,RD$442.52,8.00,"RD$3,407.52",,1,,,,1,,,,,,
600.30,Vuelo aislado de 0.80m hasta 2.00m,ML,RD$430.32,7.10,"RD$2,940.29",,,1,,,1,,,,,,
600.31,Bajo relieve incluyendo cantos,ML,RD$407.35,7.50,"RD$2,940.29",,,1,,,1,,,,,,
600.32,Mochetas de 0.15m,ML,RD$117.62,28.00,"RD$2,940.29",,,1,,,1,,MINIBANNER CON LINK,,,,
600.33,Mochetas de 0.20m,ML,RD$131.73,25.00,"RD$2,940.29",,,1,,,1,,MINIBANNER CON LINK,,,,
700.00,MANO DE OBRA PINTURA,,,,,,,,,,,,MINIBANNER CON LINK,,,,
700.01,"Preparación superficie - Masilla, lija, piedra- y aplicación 1ra mano acrílica",M2,RD$48.44,90.00,"RD$4,202.12",1,,,,1,,,,,,,
700.02,Aplicación 2da mano acrílica,M2,RD$32.29,135.00,"RD$4,202.12",1,,,,1,,,,,,,
700.03,"Preparación de superf. -Masilla, lija, piedra-y aplicación 2 manos acrílica",M2,RD$80.73,54.00,"RD$4,202.12",1,,,,1,,,,,,,
700.04,"Prep. superficie - Masilla, lija, piedra-y aplicación 1ra mano mantenimiento",M2,RD$51.70,84.00,"RD$4,202.12",1,,,,1,,,,,,,
700.05,Aplicación 2da mano mantenimiento,M2,RD$48.44,90.00,"RD$4,202.12",1,,,,1,,,,,,,
700.06,"Prep. de superf. -Masilla, lija, piedra-y aplicación 2 manos mantenimiento",M2,RD$100.14,43.50,"RD$4,202.12",1,,,,1,,,,,,,
700.07,"Prep. Superf. - Masilla, lija, piedra- y aplicación 1ra mano pintura industrial",M2,RD$54.91,84.37,"RD$4,202.12",1,,,,1,,,,,,,
700.08,Aplicación 2da mano pintura industrial,M2,RD$48.44,84.37,"RD$4,202.12",1,,,,1,,,,,,,
700.09,Preparación de superficie y aplicación 2 manos pintura industrial,M2,RD$103.35,42.19,"RD$4,202.12",1,,,,1,,,,,,,
700.10,Rapilla total o parcial,M2,RD$64.60,20.00,"RD$1,260.34",,,,,1,,,,,,,
700.11,Aplicación 1ra mano óxido de zinc,M2,RD$38.76,112.50,"RD$4,202.12",1,,,,1,,,,,,,
700.12,Aplicación 2da mano óxido de zinc,M2,RD$29.09,150.00,"RD$4,202.12",1,,,,1,,,,,,,
700.13,Limpieza y sellado grietas-y aplicación 1ra mano pintura impermeabilizante,M2,RD$51.70,79.41,"RD$4,202.12",1,,,,1,,,,,,,
700.14,Aplicación 2da mano pintura impermeabilizante,M2,RD$51.70,135.00,"RD$4,202.12",1,,,,1,,,,,,,
700.15,Preparación superficie y aplicación 1ra mano en pared rústica,M2,RD$80.74,54.00,"RD$4,202.12",1,,,,1,,,,,,,
700.16,Aplicación 2da mano en pared rústica,M2,RD$67.85,64.28,"RD$4,202.12",1,,,,1,,,,,,,
700.17,Preparación de superficie y aplicación 2 manos en pared rústica,M2,RD$148.59,29.35,"RD$4,202.12",1,,,,1,,,,,,,
700.18,Preparación superficie y aplicación 1ra mano barniz,M2,RD$51.70,84.37,"RD$4,202.12",1,,,,1,,,,,,,
700.19,Aplicación 2da mano en barniz,M2,RD$51.70,84.37,"RD$4,202.12",1,,,,1,,,,,,,
700.20,Preparación de superficie y aplicación 2 manos en barniz,M2,RD$103.40,42.19,"RD$4,202.12",1,,,,1,,,,,,,
700.21,Piedra sobre paredes,M2,RD$15.75,80.00,"RD$1,260.34",,,,,1,,,,,,,
700.22,Pintura en cornisas,ML,RD$64.61,67.50,"RD$4,202.12",1,,,,1,,,,,,,
700.23,Volutas en ventanas y muros,ML,RD$54.92,79.41,"RD$4,202.12",1,,,,1,,,,,, ,
800.00,MANO DE OBRA ELECTRICOS,,,,,,,,,,,,MINIBANNER CON LINK,,,,
800.01,"Salida en tubería oculta de 1/2""",UND,RD$877.42,5.86,"RD$5,182.71",1,,,,1,,1,MINIBANNER CON LINK,,,,
800.02,"Salida Luces, tubería oculta 1/2""",UND,RD$877.42,5.86,"RD$5,182.71",1,,,,1,,1,MINIBANNER CON LINK,,,,
800.03,"Salida Interruptor sencillo, tubería oculta 1/2""",UND,RD$877.42,5.86,"RD$5,182.71",1,,,,1,,1,MINIBANNER CON LINK,,,,
800.04,"Salida Interruptor doble, tubería oculta 1/2""",UND,"RD$1,063.13",4.83,"RD$5,182.71",1,,,,1,,1,MINIBANNER CON LINK,,,,
800.05,"Salida Interruptor triple, tubería oculta 1/2""",UND,"RD$1,184.81",4.34,"RD$5,182.71",1,,,,1,,1,MINIBANNER CON LINK,,,,
800.06,"Salida Interruptor 3 vías, tubería oculta 1/2""",UND,"RD$1,036.13",4.83,"RD$5,182.71",1,,,,1,,1,MINIBANNER CON LINK,,,,
800.07,"Salida Interruptor 4 vías, tubería oculta 1/2""",UND,"RD$1,303.28",3.94,"RD$5,182.71",1,,,,1,,1,MINIBANNER CON LINK,,,,
800.08,"Salida Tomacorriente 110 v., tubería oculta 1/2""",UND,RD$885.16,5.86,"RD$5,182.71",1,,,,1,,1,MINIBANNER CON LINK,,,,
800.09,"Salida Tomacorriente 220 v., tubería oculta 3/4""",UND,"RD$1,072.52",4.83,"RD$5,182.71",1,,,,1,,1,MINIBANNER CON LINK,,,,
800.10,"Salida Botón de timbre, tubería oculta 1/2"" ",UND,"RD$1,072.52",4.83,"RD$5,182.71",1,,,,1,,1,MINIBANNER CON LINK,,,,
800.11,"Salida de timbre, tubería oculta 1/2""",UND,"RD$1,072.52",4.83,"RD$5,182.71",1,,,,1,,1,MINIBANNER CON LINK,,,,
800.12,"Salida teléfono, tubería oculta 1/2""",UND,"RD$1,072.52",4.83,"RD$5,182.71",1,,,,1,,1,MINIBANNER CON LINK,,,,
800.13,"Salida telecable, tubería oculta 1/2"" ",UND,"RD$1,072.52",4.83,"RD$5,182.71",1,,,,1,,1,MINIBANNER CON LINK,,,,
800.14,"Salida Data, tubería oculta 1/2"" ",UND,"RD$1,072.52",4.83,"RD$5,182.71",1,,,,1,,1,MINIBANNER CON LINK,,,,
800.15,"Salida Interruptor piloto, tubería oculta 1/2""",UND,"RD$1,072.52",4.83,"RD$5,182.71",1,,,,1,,1,MINIBANNER CON LINK,,,,
800.16,"Salida en tubería oculta de 3/4""",UND,"RD$1,150.08",4.51,"RD$5,182.71",1,,,,1,,1,MINIBANNER CON LINK,,,,
800.17,"Salida Luces, tubería oculta 3/4""",UND,"RD$1,150.08",4.51,"RD$5,182.71",1,,,,1,,1,MINIBANNER CON LINK,,,,
800.18,"Salida Interruptor sencillo, tubería oculta 3/4""",UND,"RD$1,150.08",4.51,"RD$5,182.71",1,,,,1,,1,MINIBANNER CON LINK,,,,
800.19,"Salida Interruptor doble, tubería oculta 3/4""",UND,"RD$1,395.56",3.71,"RD$5,182.71",1,,,,1,,1,MINIBANNER CON LINK,,,,
800.20,"Salida Interruptor triple, tubería oculta 3/4""",UND,"RD$1,553.87",3.34,"RD$5,182.71",1,,,,1,,1,MINIBANNER CON LINK,,,,
800.21,"Salida Interruptor 3 vías, tubería oculta 3/4""",UND,"RD$1,395.56",3.71,"RD$5,182.71",1,,,,1,,1,MINIBANNER CON LINK,,,,
800.22,"Salida Interruptor 4 vías, tubería oculta 3/4""",UND,"RD$1,709.24",3.03,"RD$5,182.71",1,,,,1,,1,MINIBANNER CON LINK,,,,
800.23,"Salida Tomacorriente 110 v., tubería oculta 3/4""",UND,"RD$1,150.08",4.51,"RD$5,182.71",1,,,,1,,1,MINIBANNER CON LINK,,,,
800.24,"Salida Botón de timbre, tubería oculta 3/4""",UND,"RD$1,395.56",3.71,"RD$5,182.71",1,,,,1,,1,,,,,
800.25,"Salida de timbre, tubería oculta 3/4""",UND,"RD$1,395.56",3.71,"RD$5,182.71",1,,,,1,,1,,,,,
800.26,"Salida teléfono, tubería oculta 3/4""",UND,"RD$1,395.56",3.71,"RD$5,182.71",1,,,,1,,1,,,,,
800.27,"Salida telecable, tubería oculta 3/4""",UND,"RD$1,395.56",3.71,"RD$5,182.71",1,,,,1,,1,,,,,
800.28,"Salida Data, tubería oculta 3/4"" ",UND,"RD$1,395.56",3.71,"RD$5,182.71",1,,,,1,,1,,,,,
800.29,"Salida Interruptor piloto, tubería oculta 3/4""",UND,"RD$1,395.56",3.71,"RD$5,182.71",1,,,,1,,1,,,,,
800.30,"Por cada 1/4"" superior a 1/2"", hasta 1"", 30% adic. al precio",UND,RD$320.22,-,RD$0.00,,,,,,,,,,,,
800.31,"Por cada switch adic. o de combinación, 50% adic. al precio",UND,RD$438.70,-,RD$0.00,,,,,,,,,,,,
800.32,"Salida exterior tubería visible tipo industrial, 1/2""",UND,"RD$1,070.51",4.84,"RD$5,182.71",1,,,,1,,1,,,,,
800.33,"Salida exterior tubería visible tipo industrial, 1/2"" con registro tipo letra",UND,"RD$1,149.96",4.51,"RD$5,182.71",1,,,,1,,1,,,,,
800.34,"Salida exterior tubería visible tipo industrial, 3/4""",UND,"RD$1,391.67",3.72,"RD$5,182.71",1,,,,1,,1,,,,,
800.35,"Salida exterior tubería visible tipo industrial, 3/4"" con registro tipo letra",UND,"RD$1,494.95",3.47,"RD$5,182.71",1,,,,1,,1,,,,,
800.36,"Salida exterior tubería visible tipo industrial,    1""",UND,"RD$1,809.18",2.86,"RD$5,182.71",1,,,,1,,1,,,,,
800.37,"Salida exterior tubería visible tipo industrial,    1"" con registro tipo letra",UND,"RD$1,943.43",2.67,"RD$5,182.71",1,,,,1,,1,,,,,
800.38,"Salida Waterproof, Wetherproof, Explotionproof",UND,P.A.,-,RD$0.00,,,,,,,,,,,,
800.39,Salidas sin tuberías exteriormente visible,UND,RD$397.07,12.94,"RD$5,182.71",1,,,,1,,1,,,,,
800.40,"Salidas sin tuberías oculta en plafones, cielos rasos, etc.",UND,RD$583.43,8.81,"RD$5,182.71",1,,,,1,,1,,,,,
800.41,"Interruptor de seguridad en paneles, por cada 10 amp.",UND,RD$204.92,-,RD$0.00,,,,,,,,,,,,
800.42,Interruptor de seguridad 30 amp.,UND,RD$620.21,8.36,"RD$5,182.71",1,,,,1,,1,,,,,
800.43,Interruptor de seguridad 60 amp.,UND,"RD$1,240.43",4.18,"RD$5,182.71",1,,,,1,,1,,,,,
800.44,Interruptor de seguridad 100 amp.,UND,"RD$2,067.38",2.51,"RD$5,182.71",1,,,,1,,1,,,,,
800.45,Interruptor de seguridad 125 amp.,UND,"RD$2,584.23",2.01,"RD$5,182.71",1,,,,1,,1,,,,,
800.46,Interruptor de seguridad 150 amp.,UND,"RD$3,101.07",1.67,"RD$5,182.71",1,,,,1,,1,,,,,
800.47,Interruptor de seguridad 200 amp.,UND,"RD$4,134.75",1.25,"RD$5,182.71",1,,,,1,,1,,,,,
800.48,Interruptor de seguridad 250 amp.,UND,"RD$5,168.44",1.00,"RD$5,182.71",1,,,,1,,1,,,,,
800.49,Instalación Breaker,UND,RD$198.55,25.87,"RD$5,182.71",1,,,,1,,1,MINIBANNER CON LINK,,,,
800.50,Instalación regulador de intensidad o Switch Dimmer,UND,RD$630.84,8.14,"RD$5,182.71",1,,,,1,,1,,,,,
800.51,Instalación timbre de campana,UND,"RD$1,184.81",4.34,"RD$5,182.71",1,,,,1,,1,,,,,
800.52,Instalación de cada número de los cuadros de timbres,UND,RD$397.07,12.94,"RD$5,182.71",1,,,,1,,1,,,,,
800.53,Instalación moledor de desperdicios a su salida 110v,UND,RD$787.73,6.52,"RD$5,182.71",1,,,,1,,1,,,,,
800.54,Instalación extractor de aire con salida 110v,UND,RD$787.73,6.52,"RD$5,182.71",1,,,,1,,1,,,,,
800.55,Instalación Calentador de agua no provisto de plot y cordón 110v,UND,RD$787.73,6.52,"RD$5,182.71",1,,,,1,,1,,,,,
800.56,Instalación Calentador de agua no provisto de plot y cordón 220v,UND,"RD$1,184.81",4.34,"RD$5,182.71",1,,,,1,,1,,,,,
800.57,Instalación Estufa eléctrica 220v,UND,"RD$1,184.81",4.34,"RD$5,182.71",1,,,,1,,1,,,,,
800.58,Instalación Aire Acondicionado hasta 2 HP sin incluir materiales,UND,"RD$2,366.42",2.17,"RD$5,182.71",1,,,,1,,1,MINIBANNER CON LINK,,,,
800.59,Pago mínimo visita electricista a domicilio,UND,"RD$1,000.00",-,RD$0.00,,,,,,,,MINIBANNER CON LINK,,,,
800.60,"Panel Distribución 2 Espacios, 1 Ph",UND,"RD$1,285.16",4.03,"RD$5,182.71",1,,,,1,,1,MINIBANNER CON LINK,,,,
800.61,"Panel Distribución 4 Espacios, 1 Ph",UND,"RD$1,347.15",3.85,"RD$5,182.71",1,,,,1,,1,MINIBANNER CON LINK,,,,
800.62,"Panel Distribución 6 Espacios, 1 Ph",UND,"RD$1,424.43",3.64,"RD$5,182.71",1,,,,1,,1,MINIBANNER CON LINK,,,,
800.63,"Panel Distribución 8 Espacios, 1 Ph",UND,"RD$1,491.27",3.48,"RD$5,182.71",1,,,,1,,1,MINIBANNER CON LINK,,,,
800.64,"Panel Distribución 12 Espacios, 1 Ph",UND,"RD$1,553.79",3.34,"RD$5,182.71",1,,,,1,,1,MINIBANNER CON LINK,,,,
800.65,"Panel Distribución 16 Espacios, 1 Ph",UND,"RD$1,884.04",2.75,"RD$5,182.71",1,,,,1,,1,MINIBANNER CON LINK,,,,
800.66,"Panel Distribución 24 Espacios, 1 Ph",UND,"RD$2,524.78",2.05,"RD$5,182.71",1,,,,1,,1,MINIBANNER CON LINK,,,,
800.67,"Panel Distribución 30 Espacios, 1 Ph",UND,"RD$3,351.51",1.55,"RD$5,182.71",1,,,,1,,1,MINIBANNER CON LINK,,,,
900.00,MANO DE OBRA PISOS,,,,,,,,,,,,MINIBANNER CON LINK,,,,
900.01,Mano de Obra de colocación de Adoquines,M2,RD$313.65,16.00,"RD$4,480.37",,1,,,,2,,MINIBANNER CON LINK,,,,
900.02,Corte de Chazos Adoquines,UND,RD$33.46,150.00,"RD$4,480.37",,1,,,,2,,MINIBANNER CON LINK,,,,
900.03,Mano de Obra de colocación de Cerámica de piso nacional hasta 20x20cms,M2,RD$707.99,5.00,"RD$3,407.52",,1,,,,1,,,,,,
900.04,Mano de Obra de colocación de Cerámica de piso nacional hasta 40x40cms,M2,RD$823.24,4.30,"RD$3,407.52",,1,,,,1,,,,,,
900.05,Mano de Obra de colocación de Cerámica de piso importada hasta 20x20cms,M2,RD$745.25,4.75,"RD$3,407.52",,1,,,,1,,,,,,
900.06,Mano de Obra de colocación de Cerámica de piso importada hasta 40x40cms,M2,RD$884.95,4.00,"RD$3,407.52",,1,,,,1,,MINIBANNER CON LINK,,,,
900.07,Mano de Obra de colocación piso mosaicos corriente 20x20cms y 25x25cms,M2,RD$323.21,15.00,"RD$4,667.86",,1,,,1,1,,,,,,
900.08,Mano de Obra de colocación de Granito 25x25cms,M2,RD$323.22,14.00,"RD$4,667.86",,1,,,1,1,,,,,,
900.09,Mano de Obra de colocación de Granito 30x30cms hasta 33x33cms,M2,RD$346.31,13.00,"RD$4,667.86",,1,,,1,1,,,,,,
900.10,Mano de Obra de colocación de Granito 40x40cms,M2,RD$440.78,11.00,"RD$4,667.86",,1,,,1,1,,,,,,
900.11,Mano de Obra de colocación de Granito 50x50cms,M2,RD$461.78,10.50,"RD$4,667.86",,1,,,1,1,,MINIBANNER CON LINK,,,,
900.12,Mano de Obra de colocación pisos mosaicos granitos en plumilla o cartabón,M2,RD$461.81,10.50,"RD$4,667.86",,1,,,1,1,,,,,,
900.13,Mano de Obra de colocación de Mármol importado,M2,RD$982.66,3.80,"RD$3,595.01",,1,,,1,,,MINIBANNER CON LINK,,,,
900.14,Mano de Obra de colocación de Mármol nacional,M3,RD$848.60,4.40,"RD$3,595.01",,1,,,1,,,,,,,
900.15,Mano de Obra de colocación de Porcelanato importado hasta 60x60cm,M2,RD$948.22,6.50,"RD$3,407.52",,1,,,,1,,MINIBANNER CON LINK,,,,
900.16,Mano de obra colocación vibrazos en pisos para parques y terrazas,M2,RD$387.95,12.50,"RD$4,667.86",,1,,,1,1,,,,,,
900.17,Mano de obra colocación quicio entre puertas,ML,RD$267.19,13.25,"RD$3,407.52",,1,,,,1,,,,,,
1000.00,MANO DE OBRA ZOCALOS,,,,,,,,,,,,MINIBANNER CON LINK,,,,
1000.01,Revestimiento de escalones en ceramicas,ML,RD$442.40,20.00,"RD$3,407.52",,1,,,,1,,MINIBANNER CON LINK,,,,
1000.02,Mano de Obra de colocación zócalos de mosaico corriente,ML,RD$124.25,30.00,"RD$3,407.52",,1,,,,1,,,,,,
1000.03,Mano de Obra de colocación zócalos de Granito,ML,RD$160.92,22.00,"RD$3,407.52",,1,,,,1,,MINIBANNER CON LINK,,,,
1000.04,Mano de Obra de colocación zócalos escalera de mosaico corriente,ML,RD$205.82,17.00,"RD$3,407.52",,1,,,,1,,,,,,
1000.05,Mano de Obra de colocación zócalos escalera de Granito,ML,RD$272.32,13.00,"RD$3,407.52",,1,,,,1,,,,,,
1000.06,Mano de Obra de colocación zócalos de Porcelanato,ML,RD$402.32,20.00,"RD$3,407.52",,1,,,,1,,MINIBANNER CON LINK,,,,
1000.07,Mano de Obra de colocación zócalos de Mármol,ML,RD$402.32,15.00,"RD$3,407.52",,1,,,,1,,MINIBANNER CON LINK,,,,
1100.00,MANO DE OBRA ESCALONES,,,,,,,,,,,,MINIBANNER CON LINK,,,,
1100.01,Confección escalones revestidos de mezcla,ML,RD$381.89,8.00,"RD$2,940.29",,,1,,,1,,,,,,
1100.02,Terminación de escalones de cemento,ML,RD$226.21,13.50,"RD$2,940.29",,,1,,,1,,,,,,
1100.03,Montura de escalones en escaleras huella y contrahuella,ML,RD$442.40,10.00,"RD$2,940.29",,,1,,,1,,,,,,
1100.04,Mano de Obra Colocación Huella y Contra Huella mosaicos,ML,RD$372.62,9.50,"RD$3,407.52",,1,,,,1,,,,,,
1100.05,Mano de Obra Colocación Huella y Contra Huella granito,ML,RD$515.68,7.00,"RD$3,407.52",,1,,,,1,,MINIBANNER CON LINK,,,,
1100.06,Mano de Obra Colocación Huella y Contra Huella Cerámica Porcelanato,ML,RD$722.45,4.00,"RD$3,407.52",,1,,,,1,,MINIBANNER CON LINK,,,,
1100.07,Colocación mármol fabricación nacional en escaleras,ML,RD$884.95,4.00,"RD$3,407.52",,1,,,,1,,,,,,
1100.08,Colocación mármol importado en escaleras,ML,RD$972.56,3.25,"RD$3,407.52",,1,,,,1,,,,,,
1100.09,Confección de escalones y revestimiento de ladrillo,ML,RD$907.72,3.90,"RD$3,407.52",,1,,,,1,,,,,,
1100.10,Revestimiento de escalones en ladrillos,ML,RD$907.72,4.75,"RD$3,407.52",,1,,,,1,,,,,,
1200.00,MANO DE OBRA PUERTAS,,,,,,,,,,,,MINIBANNER CON LINK,,,,
1200.01,Mano de obra Inst. de Puerta Polimetálica incluye Llavín ,UND,"RD$2,954.17",2.00,"RD$5,274.97",1,,,,1,1,,MINIBANNER CON LINK,,,,
1200.02,Mano de obra Inst. de Puerta PVC incluye Llavín,UND,"RD$2,363.33",2.50,"RD$5,274.97",1,,,,1,1,,MINIBANNER CON LINK,,,,
1200.03,Mano de obra Inst. de Puerta en madera interior incluye Llaviín,UND,"RD$3,692.71",1.60,"RD$5,274.97",1,,,,1,1,,MINIBANNER CON LINK,,,,
1200.04,Mano de obra Inst. de Puerta en madera principal incluye Llaviín,UND,"RD$3,938.90",1.50,"RD$5,274.97",1,,,,1,1,,MINIBANNER CON LINK,,,,
1200.05,Mano de obra Inst. de Puertas para closet,P2,RD$98.47,60.00,"RD$5,274.97",1,,,,1,1,,MINIBANNER CON LINK,,,,
1300.00,MANO DE OBRA REVESTIMIENTOS DE SUPERFICIES,,,,,,,,,,,,MINIBANNER CON LINK,,,,
1300.01,Mano de Obra de colocación de Cerámica Pared hasta 20x20cms,M2,RD$745.25,5.25,"RD$3,407.52",,1,,,,1,,MINIBANNER CON LINK,,,,
1300.02,Mano de Obra de colocación de Cerámica Pared hasta 40x40cms,M2,RD$884.95,4.00,"RD$3,407.52",,1,,,,1,,,,,,
1300.03,Hechura meseta de bańo revestida en cerámica,UND,"RD$1,539.16",2.30,"RD$3,407.52",,1,,,,1,,,,,,
1300.04,Colocación mármol fabricación nacional en revestimiento superficies,M2,"RD$1,416.06",2.50,"RD$3,407.52",,1,,,,1,,,,,,
1300.05,Colocación mármol importado en revestimiento superficies,M2,"RD$1,416.06",2.50,"RD$3,407.52",,1,,,,1,,,,,,
1300.06,Colocación mármol fachaico en una sola pieza,M2,"RD$1,416.06",2.50,"RD$3,407.52",,1,,,,1,,,,,,
1300.07,Colocación mármol en pedazos,M2,"RD$1,180.00",3.00,"RD$3,407.52",,1,,,,1,,,,,,
1300.08,Colocación de mármol travertino en tiritas,M2,"RD$1,769.95",2.00,"RD$3,407.52",,1,,,,1,,,,,,
1300.09,Colocación de piedra coralina,M2,RD$764.51,3.50,"RD$3,407.52",,1,,,,1,,MINIBANNER CON LINK,,,,
1300.10,Colocación de piedra caliza aserrada,M2,"RD$1,360.62",3.50,"RD$3,407.52",,1,,,,1,,,,,,
1300.11,Colocación de piedra caliza labrada,M2,RD$884.95,4.00,"RD$3,407.52",,1,,,,1,,,,,,
1300.12,"Colocación de piedras blancas tipo San Cristobal, Cambita,  callaos de río",M2,"RD$1,013.72",3.50,"RD$3,407.52",,1,,,,1,,,,,,
1300.13,"Colocación de piedra de roca o canto rodado, tipo encache de 0.20m a 0.30m de espesor en revestimiento terraplenes con fines decorativos",M2,RD$919.48,3.85,"RD$3,407.52",,1,,,,1,,,,,,
1300.14,"Colocación de piedra de roca o canto rodado, tipo encache de 0.20m a 0.30m de espesor en revestimiento terraplenes, canales y cunetas",M2,RD$347.22,8.80,"RD$2,940.29",,,1,,,1,,,,,,
1300.15,Colocación de piedra de roca o canto rodadoen muro de mampostería con fines decorativos,M3,"RD$3,726.20",0.95,"RD$3,407.52",,1,,,,1,,,,,,
1300.16,Colocación de piedra de roca o canto rodadoen muro de mampostería,M3,"RD$1,300.03",2.35,"RD$2,940.29",,,1,,,1,,,,,,
1400.00,MANO DE OBRA TERMINACION DE TECHOS,,,,,,,,,,,,MINIBANNER CON LINK,,,,
1400.01,Mano de obra fino techo plano sin incluir subida materiales,M2,RD$203.11,16.00,"RD$3,127.78",,,1,,1,,,MINIBANNER CON LINK,,,,
1400.02,Mano de obra fino techo inclinado sin incluir subida materiales,M2,RD$124.91,26.00,"RD$3,127.78",,,1,,1,,,,,,,
1400.03,"Mano de obra fino techo bermuda, incluye cantos, no incluye subida materiales",M2,RD$513.41,13.00,"RD$6,304.66",,1,,1,1,1,,,,,,
1400.04,Mano de obra zabaletas de piso,ML,RD$72.17,45.00,"RD$3,127.78",,,1,,1,,,,,,,
1400.05,Mano de obra zabaletas de techo,ML,RD$108.35,30.00,"RD$3,127.78",,,1,,1,,,MINIBANNER CON LINK,,,,
1400.06,Colcocación de tejas,M2,RD$606.14,8.00,"RD$4,667.86",,1,,,1,1,,,,,,
1400.07,Colocación caballete de tejas,ML,RD$484.93,10.00,"RD$4,667.86",,1,,,1,1,,,,,,
1500.00,MANO DE OBRA INSTALACIONES SANITARIAS,,,,,,,,,,,,MINIBANNER CON LINK,,,,
1501.00,"ABASTECIMIENTO AGUA POTABLE POR SALIDA - PVC, POLIPROPILENO, POLIESTILENO, H.G.",,,,,,,,,,,,,,,,
1501.01,Salida Agua Potable agua fría o caliente,UND,"RD$1,380.14",3.02,"RD$4,202.12",1,,,,1,,,MINIBANNER CON LINK,,,,
1501.02,Salida de agua fría a orinal de falda,UND,"RD$1,777.24",2.34,"RD$4,202.12",1,,,,1,,,,,,,
1501.03,Salida de agua fría a bańo de ducha,UND,"RD$1,380.14",3.02,"RD$4,202.12",1,,,,1,,,,,,,
1501.04,Salida de agua fría a inodoro corriente,UND,"RD$1,777.24",2.34,"RD$4,202.12",1,,,,1,,,,,,,
1501.05,Salida de agua fría a inodoro fluxómetro,UND,"RD$2,763.52",1.51,"RD$4,202.12",1,,,,1,,,,,,,
1501.06,Salida de agua fría y caliente de calentadores domésticos,UND,"RD$1,777.24",2.34,"RD$4,202.12",1,,,,1,,,,,,,
1501.07,Salida de agua fría  a calentadores industriales,UND,P.A.,-,,,,,,,,,,,,,
1501.08,Instalación de filtros de agua domiciliarias,UND,"RD$1,777.24",2.34,"RD$4,202.12",1,,,,1,,,,,,,
1501.09,Mano de obra ranura y acuńe bastón para salida A.P.,UND,RD$341.41,12.20,"RD$4,202.12",1,,,,1,,,MINIBANNER CON LINK,,,,
1502.00,ABASTECIMIENTO AGUA POTABLE POR SALIDA - COBRE,,,,,,,,,,,,,,,,
1502.01,Salida de tubería soldadas o roscadas de cobre de ˝”,,"RD$1,975.76",2.11,"RD$4,202.12",1,,,,1,,,,,,,
1502.02,Salida de tubería soldadas o roscadas de cobre de ľ”,,"RD$2,763.52",1.76,"RD$4,202.12",1,,,,1,,,,,,,
1502.03,Salida de tubería soldadas o roscadas de cobre de 1”,,"RD$3,157.37",1.51,"RD$4,202.12",1,,,,1,,,,,,,
1502.04,Salida de tubería soldada o roscada de cobre de 1 Ľ” o más ,,P.A.,-,,,,,,,,,,,,,
1503.00,"INST. TUBERIAS PVC, POLIPROPILENO Y POLIESTILENO AP",,,,,,,,,,,,,,,,
1503.01,"Instalación tuberías 1/2"" y 3/4""",ML,RD$11.68,356.52,"RD$4,202.12",1,,,,1,,,,,,,
1503.02,"Instalación tuberías 1""",ML,RD$23.38,178.26,"RD$4,202.12",1,,,,1,,,,,,,
1503.03,"Instalación tuberías 1-1/4"" a 1-1/2"" ",ML,RD$29.22,142.56,"RD$4,202.12",1,,,,1,,,,,,,
1503.04,"Instalación tuberías 2""",ML,RD$29.22,142.56,"RD$4,202.12",1,,,,1,,,,,,,
1503.05,"Instalación tuberías 3""",ML,RD$41.64,100.07,"RD$4,202.12",1,,,,1,,,,,,,
1503.06,"Instalación tuberías 4""",ML,RD$48.01,86.74,"RD$4,202.12",1,,,,1,,,,,,,
1503.07,"Instalación tuberías 6""",ML,RD$58.48,71.26,"RD$4,202.12",1,,,,1,,,,,,,
1503.08,"Instalación tuberías 8""",ML,RD$64.04,65.05,"RD$4,202.12",1,,,,1,,,,,,,
1503.09,"Instalación tuberías 10""",ML,RD$76.86,54.20,"RD$4,202.12",1,,,,1,,,,,,,
1503.10,"Instalación tuberías 12""",ML,RD$83.26,50.04,"RD$4,202.12",1,,,,1,,,,,,,
1504.00,INSTALACION TUBERIAS HIERRO GALVANIZADO H.G. AP,,,,,,,,,,,,,,,,
1504.01,"Instalación tuberías 1/2""",ML,RD$51.26,81.29,"RD$4,202.12",1,,,,1,,,,,,,
1504.02,"Instalación tuberías 3/4""",ML,RD$57.64,72.29,"RD$4,202.12",1,,,,1,,,,,,,
1504.03,"Instalación tuberías 1""",ML,RD$66.21,59.14,"RD$4,202.12",1,,,,1,,,,,,,
1504.04,"Instalación tuberías 1-1/4"" en adelante",ML,P.A.,-,,,,,,,,,,,,,
1505.00,INSTALACION TUBERIAS COBRE AP,,,,,,,,,,,,,,,,
1505.01,"Instalación tuberías 1/2"" por columna, soldada o roscada",COL.,"RD$1,975.76",2.11,"RD$4,202.12",1,,,,1,,,,,,,
1505.02,"Instalación tuberías 3/4"" por columna, soldada o roscada",COL.,"RD$2,763.52",1.51,"RD$4,202.12",1,,,,1,,,,,,,
1505.03,"Instalación tuberías 1"" por columna, soldada o roscada",COL.,"RD$3,157.37",1.32,"RD$4,202.12",1,,,,1,,,,,,,
1505.04,"Instalación tuberías 1-1/4"" en adelante, soldada o roscada",COL.,P.A.,-,,,,,,,,,,,,,
1506.00,INSTALACION BOMBAS - CISTERNAS,,,,,,,,,,,,,,,,
1506.01,"Montura de bomba de agua en cisterna con diametro de 3/4"" a 1""",UND,"RD$15,322.45",0.26,"RD$4,202.12",1,,,,1,,,,,,,
1506.02,"Montura de bomba de agua en cisterna con diametro 1-1/4"" en adelante",UND,P.A.,-,,,,,,,,,,,,,
1507.00,CONEXIÓN O EMPALME A TUB. EXISTENTE AGUA POTABLE,,,,,,,,,,,,,,,,
1507.01,En tuberías de ˝” ó ľ”,UND,"RD$1,578.70",2.64,"RD$4,202.12",1,,,,1,,,,,,,
1507.02,En tuberías de 1”,UND,"RD$1,975.76",2.11,"RD$4,202.12",1,,,,1,,,,,,,
1507.03,En tuberías de 1” a 1 ˝”,UND,"RD$2,366.44",1.76,"RD$4,202.12",1,,,,1,,,,,,,
1507.04,En tuberías de 1˝” a 2”,UND,"RD$2,763.52",1.51,"RD$4,202.12",1,,,,1,,,,,,,
1507.05,En tuberías de 2 ˝” o más ,UND,P.A.,-,,,,,,,,,,,,,
1508.00,INSTALACIÓN APARATOS SANITARIOS (EXCLUSIVAMENTE),,,,,,,,,,,,,,,,
1508.01,Mano de obra instalación inodoro corriente dos cuerpos,UND,"RD$1,578.70",2.64,"RD$4,202.12",1,,,,1,,,MINIBANNER CON LINK,,,,
1508.02,Inodoros especiales de dos cuerpos,UND,"RD$2,167.90",1.92,"RD$4,202.12",1,,,,1,,,,,,,
1508.03,Inodoros especiales de un cuerpo o pieza,UND,"RD$3,554.44",1.17,"RD$4,202.12",1,,,,1,,,,,,,
1508.04,Inodoros de fluxómetro  o automáticos ,UND,"RD$2,606.60",1.60,"RD$4,202.12",1,,,,1,,,,,,,
1508.05,Inodoros de pared,UND,"RD$3,554.44",1.17,"RD$4,202.12",1,,,,1,,,,,,,
1508.06,Inodoros super de lujo,UND,P.A.,-,,,,,,,,,,,,,
1508.07,Mano de obra desintalación inodoro,UND,RD$775.35,5.29,"RD$4,202.12",1,,,,1,,,MINIBANNER CON LINK,,,,
1508.08,Lavamanos corrientes sin patas,UND,"RD$1,578.70",2.64,"RD$4,202.12",1,,,,1,,,,,,,
1508.09,Lavamanos especiales sin patas,UND,"RD$2,167.90",1.92,"RD$4,202.12",1,,,,1,,,,,,,
1508.10,Lavamanos especiales con patas,UND,"RD$2,763.52",1.51,"RD$4,202.12",1,,,,1,,,MINIBANNER CON LINK,,,,
1508.11,Lavamanos de salón (lava cabeza),UND,"RD$2,763.52",1.51,"RD$4,202.12",1,,,,1,,,,,,,
1508.12,Lavamanos de muebles o empotrado,UND,"RD$2,763.52",1.51,"RD$4,202.12",1,,,,1,,,,,,,
1508.13,Lavamanos clínico (unidad conjunto),UND,"RD$11,835.35",0.35,"RD$4,202.12",1,,,,1,,,,,,,
1508.14,Lavamanos de pedestal super de lujo,UND,P.A.,-,,,,,,,,,,,,,
1508.15,Mano de obra desintalación lavamanos,UND,"RD$2,378.61",3.02,"RD$4,202.12",1,,,,1,,,MINIBANNER CON LINK,,,,
1508.16,Bidet corriente,UND,"RD$2,366.44",1.76,"RD$4,202.12",1,,,,1,,,,,,,
1508.17,Bidet con mezcladora especial,UND,P.A.,-,,,,,,,,,,,,,
1508.18,Bańeras plásticas y vidriadas,UND,"RD$2,167.90",1.92,"RD$4,202.12",1,,,,1,,,,,,,
1508.19,Bańo de hierro corriente,UND,"RD$3,157.37",1.32,"RD$4,202.12",1,,,,1,,,,,,,
1508.20,Bańo de hierro especial,UND,"RD$4,342.18",0.96,"RD$4,202.12",1,,,,1,,,,,,,
1508.21,Mano de obra instalación llave para empotrar sencilla,UND,RD$787.73,5.29,"RD$4,202.12",1,,,,1,,,MINIBANNER CON LINK,,,,
1508.22,Mano de obra instalación mezcladora ducha empotrada,UND,"RD$2,366.10",1.76,"RD$4,202.12",1,,,,1,,,MINIBANNER CON LINK,,,,
1508.23,Mano de obra instalación mezcladora ducha de superficie,UND,"RD$1,380.14",3.02,"RD$4,202.12",1,,,,1,,,MINIBANNER CON LINK,,,,
1508.24,Mano de obra instalación rociador ducha ,UND,RD$787.73,5.29,"RD$4,202.12",1,,,,1,,,MINIBANNER CON LINK,,,,
1508.25,Mano de obra instalación pichorro bańo,UND,RD$787.73,5.29,"RD$4,202.12",1,,,,1,,,MINIBANNER CON LINK,,,,
1508.26,Mano de obra instalación mezcladora lavamanos,UND,"RD$1,380.14",3.02,"RD$4,202.12",1,,,,1,,,MINIBANNER CON LINK,,,,
1508.27,Duchas tipo teléfono,UND,RD$787.73,5.29,"RD$4,202.12",1,,,,1,,,,,,,
1508.28,Mano de obra instalación fregadero corriente sencillo,UND,"RD$2,365.92",1.76,"RD$4,202.12",1,,,,1,,,MINIBANNER CON LINK,,,,
1508.29,Fregaderos especiales de una cámara,UND,"RD$2,167.90",1.92,"RD$4,202.12",1,,,,1,,,,,,,
1508.30,Fregaderos especiales de dos cámaras,UND,"RD$2,763.52",1.51,"RD$4,202.12",1,,,,1,,,MINIBANNER CON LINK,,,,
1508.31,Mano de obra desintalación fregadero,UND,"RD$1,380.23",3.02,"RD$4,202.12",1,,,,1,,,MINIBANNER CON LINK,,,,
1508.32,Lavaderos sencillos sin vertedero (terminación),UND,"RD$1,380.14",3.02,"RD$4,202.12",1,,,,1,,,MINIBANNER CON LINK,,,,
1508.33,Lavaderos sencillos con vertedero (terminación),UND,"RD$2,167.90",1.92,"RD$4,202.12",1,,,,1,,,,,,,
1508.34,Lavaderos dobles sin vertedero (terminación),UND,"RD$1,777.24",2.34,"RD$4,202.12",1,,,,1,,,MINIBANNER CON LINK,,,,
1508.35,Lavaderos dobles con vertedero (terminación),UND,"RD$2,167.90",1.92,"RD$4,202.12",1,,,,1,,,,,,,
1508.36,Mano de obra desintalación lavadero,UND,RD$787.78,5.29,"RD$4,202.12",1,,,,1,,,MINIBANNER CON LINK,,,,
1508.37,Lavadoras automáticas domésticas,UND,"RD$3,157.37",1.32,"RD$4,202.12",1,,,,1,,,,,,,
1508.38,Lavadoras automáticas industriales o comerciales,UND,P.A.,-,,,,,,,,,,,,,
1508.39,Lavaplatos automáticos domésticos,UND,"RD$3,157.37",1.32,"RD$4,202.12",1,,,,1,,,,,,,
1508.40,Trituradora de huesos doméstica,UND,"RD$4,342.18",0.96,"RD$4,202.12",1,,,,1,,,,,,,
1508.41,Vertederos de hierro,UND,"RD$2,167.90",1.92,"RD$4,202.12",1,,,,1,,,,,,,
1508.42,Vertederos de cemento (terminación),UND,RD$397.07,10.49,"RD$4,202.12",1,,,,1,,,,,,,
1508.43,Mano de obra instalación orinal sencillo,UND,"RD$1,975.76",2.11,"RD$4,202.12",1,,,,1,,,MINIBANNER CON LINK,,,,
1508.44,Orinales de cemento (terminación),UND,RD$987.10,4.22,"RD$4,202.12",1,,,,1,,,,,,,
1508.45,Orinales de media falda ,UND,"RD$1,777.24",2.34,"RD$4,202.12",1,,,,1,,,,,,,
1508.46,Orinales de falda,UND,"RD$2,763.52",1.51,"RD$4,202.12",1,,,,1,,,,,,,
1508.47,Mano de obra desinstalación orinal ,UND,RD$987.96,4.22,"RD$4,202.12",1,,,,1,,,MINIBANNER CON LINK,,,,
1509.00,INSTALACION CALENTADOR DE AGUA (EXCLUSIVAMENTE),,,,,,,,,,,,,,,,
1509.01,Calentadores de gas,UND,P.A.,1.14,"RD$4,202.12",1,,,,1,,,,,,,
1509.02,Calentador eléctrico de línea,UND,P.A.,1.14,"RD$4,202.12",1,,,,1,,,,,,,
1509.03,"Calentador domiciliario con tubería hasta 3/4"" y capacidad hasta 12 gls",UND,"RD$3,157.37",1.32,"RD$4,202.12",1,,,,1,,,,,,,
1509.04,"Calentador domiciliario con tubería 3/4"" o más y  capacidad 12-18 gls",UND,P.A.,-,,,,,,,,,,,,,
1509.05,"Calentador domiciliario con tubería 3/4"" o más y  capacidad mayor 18 gls",UND,P.A.,-,,,,,,,,,,,,,
1509.06,Calentadores industriales o comerciales,UND,P.A.,-,,,,,,,,,,,,,
1510.00,INSTALACION LLAVES DE PASO DOMICILIARIIAS,,,,,,,,,,,,,,,,
1510.01,Instalación llave chorro jardín ˝” y ľ” incluyendo línea de 3 ML Max Dist,UND,"RD$1,777.24",2.34,"RD$4,202.12",1,,,,1,,,,,,,
1510.02,"Instalación llave paso (control) de ˝” en tubería PVC, PE, PP o H.G.",UND,RD$787.73,5.29,"RD$4,202.12",1,,,,1,,,,,,,
1510.03,"Instalación llave paso (control) de ľ” en tubería PVC, PE, PP o H.G.",UND,"RD$1,184.81",3.52,"RD$4,202.12",1,,,,1,,,,,,,
1510.04,"Instalación llave paso (control) de 1” en tubería PVC, PE, PP o H.G.",UND,"RD$2,167.90",1.92,"RD$4,202.12",1,,,,1,,,,,,,
1510.05,Instalación llave paso (control) de ˝” en tubería de Cobre,UND,"RD$2,366.44",1.76,"RD$4,202.12",1,,,,1,,,,,,,
1510.06,Instalación llave paso (control) de ľ” en tubería de Cobre,UND,"RD$2,763.52",1.51,"RD$4,202.12",1,,,,1,,,,,,,
1510.07,Instalación llave paso (control) de 1” en tubería de Cobre,UND,"RD$3,006.42",1.39,"RD$4,202.12",1,,,,1,,,,,,,
1510.08,Instalación llave paso (control) de 1˝” en tubería de Cobre,UND,"RD$3,157.37",1.32,"RD$4,202.12",1,,,,1,,,,,,,
1510.09,Instalación llave paso (control) mayor de 1˝” en tubería de Cobre,UND,P.A.,-,,,,,,,,,,,,,
1510.10,Instalación de hidrantes ,UND,"RD$6,708.60",0.62,"RD$4,202.12",1,,,,1,,,,,,,
1511.00,INSTALACION TINACOS,,,,,,,,,,,,,,,,
1511.01,Instalación de tinaco,UND,P.A.,0.62,"RD$4,202.12",1,,,,1,,,,,,,
1512.00,VALOR ELEVADO INSTALACION SANITARIA POR ALTURA,,,,,,,,,,,,,,,,
1512.01,"Valor elevado, segunda planta",UND,5%,0.00,,,,,,,,,,,,,
1512.02,"Valor elevado, tercera planta",UND,10%,0.00,,,,,,,,,,,,,
1512.03,"Valor elevado, desde la cuarta planta a la sexta planta",UND,20%,0.00,,,,,,,,,,,,,
1512.04,"Valor elevado, desde la séptima planta a la décima planta",UND,25%,0.00,,,,,,,,,,,,,
1512.05,"Valor elevado, desde la décima primera (11va.) planta en adelante ",UND,35%,0.00,,,,,,,,,,,,,
1513.00,DESAGUE DE APARATOS SANITARIOS,,,,,,,,,,,,,,,,
1513.01,"Mano de obra salida desague PVC 2""",UND,"RD$1,380.14",3.02,"RD$4,202.12",1,,,,1,,,MINIBANNER CON LINK,,,,
1513.02,"Mano de obra salida desague PVC 4""",UND,"RD$1,777.24",2.34,"RD$4,202.12",1,,,,1,,,MINIBANNER CON LINK,,,,
1513.03,Mano de obra salida desague inodoro de pared,UND,"RD$2,167.90",1.92,"RD$4,202.12",1,,,,1,,,,,,,
1513.04,"Mano de obra salida desague de piso 2"", con parrilla",UND,"RD$1,578.70",2.64,"RD$4,202.12",1,,,,1,,,,,,,
1513.05,"Mano de obra salida desague de piso 4"", con parrilla",UND,"RD$1,777.24",2.34,"RD$4,202.12",1,,,,1,,,,,,,
1513.06,Mano de obra instalación trampa de grasa doble cámara,UND,"RD$5,523.22",0.75,"RD$4,202.12",1,,,,1,,,,,,,
1513.07,Mano de obra instalación trampa de grasa cámara sencilla,UND,"RD$3,554.44",1.17,"RD$4,202.12",1,,,,1,,,,,,,
1513.08,Mano de obra fijaciones de techo para tuberías aéreas,UND,RD$330.53,14.24,"RD$4,202.12",1,,,,1,,,MINIBANNER CON LINK,,,,
1513.09,Mano de obra zanja en tierra para tubería desague ,UND,RD$528.84,8.90,"RD$4,202.12",1,,,,1,,,MINIBANNER CON LINK,,,,
1514.00,VENTILACION POR PLANTAS,,,,,,,,,,,,,,,,
1514.01,Instalación ventilación de 2”,UND,"RD$1,380.14",3.02,"RD$4,202.12",1,,,,1,,,MINIBANNER CON LINK,,,,
1514.02,Instalación ventilación de 3”,UND,"RD$1,578.70",2.64,"RD$4,202.12",1,,,,1,,,MINIBANNER CON LINK,,,,
1514.03,Instalación ventilación de 4”,UND,"RD$1,777.24",2.34,"RD$4,202.12",1,,,,1,,,,,,,
1514.04,Instalación ventilación de 5” o más,UND,"RD$2,369.41",1.76,"RD$4,202.12",1,,,,1,,,,,,,
1515.00,COLUMNAS BAJANTES POR PLANTAS,,,,,,,,,,,,,,,,
1515.01,Columna bajante de 1 ˝” ,UND,"RD$1,184.81",3.52,"RD$4,202.12",1,,,,1,,,MINIBANNER CON LINK,,,,
1515.02,"Columna bajante de 2""",UND,"RD$1,380.14",3.02,"RD$4,202.12",1,,,,1,,,MINIBANNER CON LINK,,,,
1515.03,Columna bajante de 3”,UND,"RD$1,578.70",2.64,"RD$4,202.12",1,,,,1,,,,,,,
1515.04,Columna bajante de 4”,UND,"RD$1,975.76",2.11,"RD$4,202.12",1,,,,1,,,,,,,
1515.05,Columna bajante de más de 4”,UND,P.A.,-,,,,,,,,,,,,,
1516.00,DESAGUE PLUVIAL POR PLANTA,,,,,,,,,,,,,,,,
1516.01,Instalación de desagüe pluvial de 2”,UND,"RD$1,184.81",3.52,"RD$4,202.12",1,,,,1,,,MINIBANNER CON LINK,,,,
1516.02,Instalación de desagüe pluvial de 3”,UND,"RD$1,380.14",3.02,"RD$4,202.12",1,,,,1,,,MINIBANNER CON LINK,,,,
1516.03,Instalación de desagüe pluvial de 4”,UND,"RD$1,578.70",2.64,"RD$4,202.12",1,,,,1,,,,,,,
1516.04,Instalación de desagüe pluvial de más de 4”,UND,P.A.,-,,,,,,,,,,,,,
1516.05,Instalación de cámara y registro de limpieza,UND,"RD$2,167.90",1.92,"RD$4,202.12",1,,,,1,,,,,,,
1517.00,INSTALACION SEPTICO Y FILTRANTE UNIDAD DE CONJUNTO,,,,,,,,,,,,,,,,
1517.01,Instalación de sépticos y filtrantes de 4”,UND,"RD$7,099.30",0.59,"RD$4,202.12",1,,,,1,,,MINIBANNER CON LINK,,,,
1517.02,Instalación de sépticos y filtrantes de 5”,UND,"RD$7,099.30",0.59,"RD$4,202.12",1,,,,1,,,MINIBANNER CON LINK,,,,
1517.03,Instalación de sépticos y filtrantes de 6”,UND,"RD$7,890.23",0.53,"RD$4,202.12",1,,,,1,,,,,,,
1517.04,Instalación de sépticos y filtrantes de 8”,UND,"RD$8,677.97",0.48,"RD$4,202.12",1,,,,1,,,,,,,
1518.00,INSTALACION TUBERIA ARRASTRE DOMICILIARIO,,,,,,,,,,,,,,,,
1518.01,Tuberías de 2”,ML,RD$86.47,48.18,"RD$4,202.12",1,,,,1,,,MINIBANNER CON LINK,,,,
1518.02,Tuberías de 4”,ML,RD$105.67,39.42,"RD$4,202.12",1,,,,1,,,MINIBANNER CON LINK,,,,
1518.03,Tuberías de 5”,ML,RD$176.14,23.65,"RD$4,202.12",1,,,,1,,,,,,,
1518.04,Tuberías de 6”,ML,RD$220.96,18.86,"RD$4,202.12",1,,,,1,,,,,,,
1519.00,CONEXIÓN O EMPALME A TUB. EXISTENTE ARRASTRE,,,,,,,,,,,,,,,,
1519.01,En tubería de 2”,UND,"RD$1,184.81",3.52,"RD$4,202.12",1,,,,1,,,,,,,
1519.02,En tubería de 3”,UND,"RD$1,578.70",2.64,"RD$4,202.12",1,,,,1,,,,,,,
1519.03,En tubería de 4”,UND,"RD$1,975.76",2.11,"RD$4,202.12",1,,,,1,,,,,,,
1519.04,En tubería de 6”,UND,"RD$2,366.42",1.76,"RD$4,202.12",1,,,,1,,,,,,,
1520.00,INSTALACION ACCESORIOS DE BAŃOS,,,,,,,,,,,,,,,,
1520.01,Montura de botiquín corriente sin empotrar.,UND,RD$393.40,9.00,"RD$3,407.52",,1,,,,1,,,,,,
1520.02, Montura de Botiquín corriente empotrado.,UND,"RD$1,415.96",2.50,"RD$3,407.52",,1,,,,1,,,,,,
1520.03, Montura de botiquín de lujo sin empotrar.,UND,"RD$2,359.87",1.50,"RD$3,407.52",,1,,,,1,,,,,,
1520.04,Montura de botiquín de lujo empotrado.,UND,"RD$3,539.95",1.00,"RD$3,407.52",,1,,,,1,,,,,,
1520.05, Montura de accesorios empotrados.,UND,RD$504.65,7.00,"RD$2,334.67",,1,,,,,,,,,,
1520.06,Montura de accesorios  atornillados.,UND,RD$353.99,10.00,"RD$3,407.52",,1,,,,1,,,,,,
1520.07,Montura de papeleras porta servilletas.,UND,RD$353.98,10.00,"RD$3,407.52",,1,,,,1,,,,,,
1520.08,Montura de repisa para bańos  corrientes.,UND,RD$589.93,6.00,"RD$3,407.52",,1,,,,1,,,,,,
1521.00,"CAMARAS INSPECCION, VERTEDEROS Y TG - ALBAŃILERIA",,,,,,,,,,,,,,,,
1521.01,Mano de obra cámara de inspección hasta 60x60cms - Albańilería,UND,"RD$2,036.66",1.50,"RD$2,940.29",,,1,,,1,,MINIBANNER CON LINK,,,,
1521.02,Mano de obra cámara de inspección mas de 60x60cms-Albańilería,UND,"RD$2,444.02",1.25,"RD$2,940.29",,,1,,,1,,,,,,
1521.03,Mano de obra trampa de grasa - Albańilería,UND,"RD$4,073.35",1.00,"RD$3,920.88",,,1,,,1,1,MINIBANNER CON LINK,,,,
1521.04,"Confección vertedero de 60x60cms pulido, completo-Albańilería",UND,"RD$2,036.66",1.50,"RD$2,940.29",,,1,,,1,,,,,,
1521.05,"Confección vertedero de 60x60cms en cerámica, completo-Albańilería",UND,"RD$4,558.28",1.00,"RD$4,388.11",,1,,,,1,1,,,,,
1522.00,INST. TUBERIAS ALCANTARILLADO SANITARIO Y PLUVIAL - ZANJAS MENOS DE 3.00M PROFUNDIDAD*,,,,,,,,,,,,,,,,
1522.01,"Tubería de 6""",ML,RD$105.67,31.96,"RD$3,407.52",,1,,,,1,,,,,,
1522.02,"Tubería de 8""",ML,RD$134.48,25.11,"RD$3,407.52",,1,,,,1,,,,,,
1522.03,"Tubería de 12""",ML,RD$150.49,22.44,"RD$3,407.52",,1,,,,1,,,,,,
1522.04,"Tubería de 15""",ML,RD$198.56,17.01,"RD$3,407.52",,1,,,,1,,,,,,
1522.05,"Tubería de 21""",ML,RD$368.26,9.17,"RD$3,407.52",,1,,,,1,,,,,,
1522.06,"Tubería de 24""",ML,RD$518.77,6.51,"RD$3,407.52",,1,,,,1,,,,,,
1522.07,"Tubería de 30""",ML,RD$749.32,4.51,"RD$3,407.52",,1,,,,1,,,,,,
1522.08,"Tubería de 36""",ML,RD$870.98,3.88,"RD$3,407.52",,1,,,,1,,,,,,
1523.00,INST. TUBERIAS ALCANTARILLADO SANITARIO Y PLUVIAL - ZANJAS MAS DE 3.00M PROFUNDIDAD*,,,,,,,,,,,,,,,,
1523.01,"Tubería de 6""",ML,RD$150.49,22.44,"RD$3,407.52",,1,,,,1,,,,,,
1523.02,"Tubería de 8""",ML,RD$176.14,19.17,"RD$3,407.52",,1,,,,1,,,,,,
1523.03,"Tubería de 12""",ML,RD$198.56,17.01,"RD$3,407.52",,1,,,,1,,,,,,
1523.04,"Tubería de 15""",ML,RD$240.17,14.06,"RD$3,407.52",,1,,,,1,,,,,,
1523.05,"Tubería de 21""",ML,RD$432.31,7.81,"RD$3,407.52",,1,,,,1,,,,,,
1523.06,"Tubería de 24""",ML,RD$672.46,5.02,"RD$3,407.52",,1,,,,1,,,,,,
1523.07,"Tubería de 30""",ML,RD$870.98,3.88,"RD$3,407.52",,1,,,,1,,,,,,
1523.08,"Tubería de 36""",ML,"RD$1,104.77",3.06,"RD$3,407.52",,1,,,,1,,,,,,
,"*Corre por cuenta del plomero bajar los tubos y asiento de arena hasta 8""",,,,,,,,,,,,,,,,
1524.00,INST. TUBERIAS ASBESTO CEMENTO*,,,,,,,,,,,,,,,,
1524.01,"Tubería de 3""",ML,RD$51.25,65.90,"RD$3,407.52",,1,,,,1,,,,,,
1524.02,"Tubería de 4""",ML,RD$51.25,65.90,"RD$3,407.52",,1,,,,1,,,,,,
1524.03,"Tubería de 6""",ML,RD$70.44,47.94,"RD$3,407.52",,1,,,,1,,,,,,
1524.04,"Tubería de 8""",ML,RD$86.47,39.06,"RD$3,407.52",,1,,,,1,,,,,,
1524.05,"Tubería de 12""",ML,RD$105.67,31.96,"RD$3,407.52",,1,,,,1,,,,,,
1524.06,"Tubería de 16""",ML,RD$176.14,19.17,"RD$3,407.52",,1,,,,1,,,,,,
1524.07,"Tubería de 20""",ML,RD$220.97,15.28,"RD$3,407.52",,1,,,,1,,,,,,
,"*Corre por cuenta del plomero bajar los tubos hasta 8""",,,,,,,,,,,,,,,,
1525.00,INST. TUBERIAS HIERRO FUNDIDO O ACERO*,,,,,,,,,,,,,,,,
1525.01,"Tubería de 3""",ML,RD$86.47,39.06,"RD$3,407.52",,1,,,,1,,,,,,
1525.02,"Tubería de 4""",ML,RD$105.67,31.96,"RD$3,407.52",,1,,,,1,,,,,,
1525.03,"Tubería de 6""",ML,RD$134.48,25.11,"RD$3,407.52",,1,,,,1,,,,,,
1525.04,"Tubería de 8""",ML,RD$150.49,22.44,"RD$3,407.52",,1,,,,1,,,,,,
1525.05,"Tubería de 10""",ML,RD$204.92,16.48,"RD$3,407.52",,1,,,,1,,,,,,
1525.06,"Tubería de 12""",ML,RD$317.02,10.65,"RD$3,407.52",,1,,,,1,,,,,,
,"*Corre por cuenta del plomero bajar los tubos hasta 4""",,,,,,,,,,,,,,,,
1526.00,INST. TUBERIAS GALVANIZADAS*,,,,,,,,,,,,,,,,
1526.01,"Tubería de 1""",ML,RD$41.64,81.12,"RD$3,407.52",,1,,,,1,,,,,,
1526.02,"Tubería de 1"" a 1-1/2""",ML,RD$51.25,65.90,"RD$3,407.52",,1,,,,1,,,,,,
1526.03,"Tubería de 2""",ML,RD$64.04,52.73,"RD$3,407.52",,1,,,,1,,,,,,
1526.04,"Tubería de 2"" a 2-1/2""",ML,RD$76.86,43.94,"RD$3,407.52",,1,,,,1,,,,,,
1526.05,"Tubería de 3""",ML,RD$86.47,39.06,"RD$3,407.52",,1,,,,1,,,,,,
1526.06,"Tubería de 4""",ML,RD$105.67,31.96,"RD$3,407.52",,1,,,,1,,,,,,
1526.07,"Tubería de 6""",ML,RD$134.48,25.11,"RD$3,407.52",,1,,,,1,,,,,,
1526.08,"Tubería de 8""",ML,RD$150.49,22.44,"RD$3,407.52",,1,,,,1,,,,,,
,"*Corre por cuenta del plomero bajar los tubos hasta 6""",,,,,,,,,,,,,,,,
1527.00,INSTALACION MEDIDORES DE AGUA (CONTADORES),,,,,,,,,,,,,,,,
1527.01,"Medidores de agua 3/4""",UND,RD$749.32,4.51,"RD$3,407.52",,1,,,,1,,,,,,
1527.02,"Medidores de agua 1""",UND,RD$870.98,3.88,"RD$3,407.52",,1,,,,1,,,,,,
1527.03,"Medidores de agua 1-1/2""",UND,RD$947.86,3.56,"RD$3,407.52",,1,,,,1,,,,,,
1527.04,"Medidores de agua 2""",UND,"RD$1,063.15",3.18,"RD$3,407.52",,1,,,,1,,,,,,
1527.05,"Medidores de agua 3""",UND,"RD$1,380.14",2.45,"RD$3,407.52",,1,,,,1,,,,,,
1527.06,"Medidores de agua 4""",UND,"RD$2,167.90",1.56,"RD$3,407.52",,1,,,,1,,,,,,
1528.00,INSTALACION MANGAS O NIPLES,,,,,,,,,,,,,,,,
1528.01,"Instalación Niple de 2""",UND,RD$220.96,15.28,"RD$3,407.52",,1,,,,1,,,,,,
1528.02,"Instalación Niple de 3""",UND,RD$262.58,12.86,"RD$3,407.52",,1,,,,1,,,,,,
1528.03,"Instalación Niple de 4""",UND,RD$432.31,7.81,"RD$3,407.52",,1,,,,1,,,,,,
1528.04,"Instalación Niple de 6""",UND,RD$870.98,3.88,"RD$3,407.52",,1,,,,1,,,,,,
1528.05,"Instalación Niple de 8""",UND,"RD$1,104.77",3.06,"RD$3,407.52",,1,,,,1,,,,,,
1530.00,INSTALACION CAJAS DE VALVULAS,,,,,,,,,,,,,,,,
1530.01,Instalación caja de válvula telescópica,UND,RD$262.58,12.86,"RD$3,407.52",,1,,,,1,,,,,,
1530.02,Instalación caja de válvula sencilla,UND,RD$220.96,15.28,"RD$3,407.52",,1,,,,1,,,,,,
1531.00,INSTALACION ACOMETIDA URBANA-CON LLAVE CHORRO,,,,,,,,,,,,,,,,
1531.01,"Acometida en 1/2"" y 3/4"" hasta 8.00 ML en hierro galvanizado",UND,"RD$1,777.24",1.90,"RD$3,407.52",,1,,,,1,,,,,,
1531.02,"Acometida en 1/2"" y 3/4"" hasta 12.00 ML ",UND,RD$870.98,3.88,"RD$3,407.52",,1,,,,1,,,,,,
1531.03,"Acometida en 1/2"" y 3/4"" en PVC y extremos HG  hasta 12.00 ML ",UND,RD$672.46,5.02,"RD$3,407.52",,1,,,,1,,,,,,
1532.00,INSTALACION VALVULAS DE COMPUERTA DE ROSCA,,,,,,,,,,,,,,,,
1532.01,"Válvulas de compuerta de 2""",UND,RD$355.45,9.50,"RD$3,407.52",,1,,,,1,,,,,,
1532.02,"Válvulas de compuerta de 3""",UND,RD$518.76,6.51,"RD$3,407.52",,1,,,,1,,,,,,
1532.03,"Válvulas de compuerta de 4""",UND,RD$672.46,5.02,"RD$3,407.52",,1,,,,1,,,,,,
1532.04,"Válvulas de compuerta de 6""",UND,RD$758.83,4.45,"RD$3,407.52",,1,,,,1,,,,,,
1532.05,"Válvulas de compuerta de 8""",UND,"RD$1,104.77",3.06,"RD$3,407.52",,1,,,,1,,,,,,
1532.00,INSTALACION VALVULAS DE COMPUERTA DE PLATILLO,,,,,,,,,,,,,,,,
1532.01,"Válvulas de compuerta de 2""",UND,RD$518.76,6.51,"RD$3,407.52",,1,,,,1,,,,,,
1532.02,"Válvulas de compuerta de 3""",UND,RD$672.46,5.02,"RD$3,407.52",,1,,,,1,,,,,,
1532.03,"Válvulas de compuerta de 4""",UND,RD$870.98,3.88,"RD$3,407.52",,1,,,,1,,,,,,
1532.04,"Válvulas de compuerta de 6""",UND,"RD$1,104.77",3.06,"RD$3,407.52",,1,,,,1,,,,,,
1532.05,"Válvulas de compuerta de 8""",UND,"RD$1,578.70",2.14,"RD$3,407.52",,1,,,,1,,,,,,
1532.06,"Válvulas de compuerta de 10""",UND,"RD$1,735.61",1.95,"RD$3,407.52",,1,,,,1,,,,,,
1532.07,"Válvulas de compuerta de 12""",UND,"RD$2,167.90",1.56,"RD$3,407.52",,1,,,,1,,,,,,
1532.08,"Válvulas de compuerta de 16""",UND,"RD$3,154.18",1.07,"RD$3,407.52",,1,,,,1,,,,,,
1533.00,INSTALACION VALVULAS DE COMPUERTA DE CAMPANA,,,,,,,,,,,,,,,,
1533.01,"Válvulas de compuerta de 2""",UND,RD$672.46,5.02,"RD$3,407.52",,1,,,,1,,,,,,
1533.02,"Válvulas de compuerta de 3""",UND,RD$749.32,4.51,"RD$3,407.52",,1,,,,1,,,,,,
1533.03,"Válvulas de compuerta de 4""",UND,RD$947.86,3.56,"RD$3,407.52",,1,,,,1,,,,,,
1533.04,"Válvulas de compuerta de 6""",UND,"RD$1,735.61",1.95,"RD$3,407.52",,1,,,,1,,,,,,
1533.05,"Válvulas de compuerta de 8""",UND,"RD$2,167.90",1.56,"RD$3,407.52",,1,,,,1,,,,,,
1533.06,"Válvulas de compuerta de 10""",UND,"RD$3,038.88",1.11,"RD$3,407.52",,1,,,,1,,,,,,
1533.07,"Válvulas de compuerta de 12""",UND,"RD$4,342.18",0.78,"RD$3,407.52",,1,,,,1,,,,,,
1533.08,"Válvulas de compuerta de 16""",UND,"RD$5,523.80",0.61,"RD$3,407.52",,1,,,,1,,,,,,
1533.09,Instalación válvula de aire incluyendo clamps y accesorios,UND,"RD$1,294.09",2.61,"RD$3,407.52",,1,,,,1,,,,,,
1600.00,"MANO DE OBRA ACERAS, CONTENES Y BADENES",,,,,,,,,,,,,,,,
1600.01,Mano de Obra piso frotado hormigón y violinado,M2,RD$292.99,18.00,"RD$5,181.22",,,1,,1,1,1,,,,,
1600.02,Mano de Obra piso frotado hormigón,M2,RD$224.32,24.00,"RD$5,181.22",,,1,,1,1,1,,,,,
1600.03,Mano de Obra piso pulido hormigón y violinado,M2,RD$316.64,17.00,"RD$5,181.22",,,1,,1,1,1,,,,,
1600.04,Mano de Obra piso pulido hormigón,M2,RD$138.90,22.00,"RD$2,940.29",,,1,,,1,,,,,,
1600.05,Corte en plywood de plantillas para contén,UND,RD$117.19,-,,,,,,,,,,,,,
1600.06,Mano de Obra contenes - madera y pulido contén con bordillo 40cm h x 20cm a,ML,RD$451.39,13.00,"RD$5,648.45",,1,,,1,1,1,,,,,
1600.07,Mano de Obra contenes - madera y pulido contén con bordillo 30cm h x 10cm a,ML,RD$266.70,22.00,"RD$5,648.45",,1,,,1,1,1,,,,,
1600.08,Construcción base para contenes (telford con mezcla),M3,RD$845.15,3.50,"RD$2,848.03",,,1,,,,1,,,,,
1600.09,Construcción de bordillos,ML,RD$183.40,32.00,"RD$5,648.45",,1,,,1,1,1,,,,,
1600.10,"Mano de obra acera frotada y violinada, incluye colocación hormigón 10cms",M3,"RD$2,862.06",2.05,"RD$5,648.45",,1,,,1,1,1,,,,,
1600.11,M.O. badenes ciclópeos 10 a 20cm hormigón frotado y pulido en centro,M3,"RD$2,347.04",2.50,"RD$5,648.45",,1,,,1,1,1,,,,,
1600.12,M.O. badenes ciclópeos 20cm en adelante hormig. frotado y pulido en centro,M3,"RD$2,347.04",2.50,"RD$5,648.45",,1,,,1,1,1,,,,,
1700.00,MANO DE OBRA MALLA CICLONICA,,,,,,,,,,,,,,,,
1700.01,Mano de obra malla ciclónica 4 pies,ML,RD$691.48,9.00,"RD$5,556.19",,1,,,1,,2,MINIBANNER CON LINK,,,,
1700.02,Mano de obra malla ciclónica 6 pies,ML,RD$732.16,8.50,"RD$5,556.19",,1,,,1,,2,MINIBANNER CON LINK,,,,
1700.03,Mano de obra malla ciclónica 10 pies,ML,RD$829.78,7.50,"RD$5,556.19",,1,,,1,,2,,,,,
1700.04,Mano de obra alambre de trinchera,ML,RD$377.17,16.50,"RD$5,556.19",,1,,,1,,2,MINIBANNER CON LINK,,,,
1700.05,Mano de obra alambre de púas,ML,RD$62.23,100.00,"RD$5,556.19",,1,,,1,,2,MINIBANNER CON LINK,,,,
1800.00,MANO DE OBRA GAVIONES,,,,,,,,,,,,MINIBANNER CON LINK,,,,
1800.01,Mano de obra cajas malla gaviones,M3,"RD$1,019.72",6.00,"RD$5,462.46",1,,,,2,,,MINIBANNER CON LINK,,,,
1800.02,Mano de obra llenado cajas con piedras,M3,RD$407.89,15.00,"RD$5,462.46",1,,,,2,,,MINIBANNER CON LINK,,,,
1900.00,OPERADORES DE MAQUINARIA PESADA EN CONSTRUCCION,,,,,,,,,,,,MINIBANNER CON LINK,,,,
1900.01,Salario básico operadores,MES,"RD$27,000.00",-,,,,,,,,,,,,,
1900.02,Salario básico ayudantes,MES,"RD$13,500.00",-,,,,,,,,,,,,,
1901.00,TRACTORES,,,,,,,,,,,,,,,,
1901.01,DE 000 A 100 H.P. HASTA CAT-D4E O SIMILARES,HR,RD$137.07,-,,,,,,,,,,,,,
1901.02,DE 101 A 155 H.P. HASTA CAT-D65A O SIMILARES,HR,RD$154.80,-,,,,,,,,,,,,,
1901.03,DE 156 A 200 H.P. HASTA CAT-D7G O SIMILARES,HR,RD$185.06,-,,,,,,,,,,,,,
1901.04,DE 201 A 300 H.P. HASTA CAT-D8K O SIMILARES,HR,RD$206.40,-,,,,,,,,,,,,,
1901.05,DE 301 A 460 H.P. HASTA CAT-D9L O SIMILARES,HR,RD$231.31,-,,,,,,,,,,,,,
1902.00,CARGADORES FRONTALES,,,,,,,,,,,,,,,,
1902.01,DE 000 A 115 H.P. HASTA CAT-W70 O SIMILARES,HR,RD$129.88,-,,,,,,,,,,,,,
1902.02,DE 106 A 155 H.P. HASTA CAT-950B O SIMILARES,HR,RD$154.80,-,,,,,,,,,,,,,
1902.03,DE 156 A 200 H.P. HASTA CAT-966B O SIMILARES,HR,RD$169.03,-,,,,,,,,,,,,,
1902.04,DE 201 A 375 H.P. HASTA CAT-988B O SIMILARES,HR,RD$195.73,-,,,,,,,,,,,,,
1903.00,MOTONIVELADORAS,,,,,,,,,,,,,,,,
1903.01,DE 000 A 115 H.P. HASTA CAT-120G O SIMILARES,HR,RD$137.01,-,,,,,,,,,,,,,
1903.02,DE 116 A 125 H.P. HASTA CAT-12E O SIMILARES,HR,RD$154.80,-,,,,,,,,,,,,,
1903.03,DE 126 A 275 H.P. HASTA CAT-12G O SIMILARES,HR,RD$185.06,-,,,,,,,,,,,,,
1903.04,DE 276 A 375 H.P. HASTA CAT-16G O SIMILARES,HR,RD$206.40,-,,,,,,,,,,,,,
1904.00,RODILLO Y COMPACTADORES,,,,,,,,,,,,,,,,
1904.01,Pata de cabra autopropulsado CAT825 C Motor 310HP o similar,HR,RD$169.03,-,,,,,,,,,,,,,
1904.02,Pata de cabra autopropulsado CAT815 Motor 200HP o similar,HR,RD$154.80,-,,,,,,,,,,,,,
1904.03,Pata de cabra autopropulsado CATDW20A Motor 300HP o similar,HR,RD$137.01,-,,,,,,,,,,,,,
1904.04,Vibradores Dynapac CA-25 Motor 125HP o similar,HR,RD$129.88,-,,,,,,,,,,,,,
1904.05,Estático hasta Buffalo K+45 Motor 150HP o similar,HR,RD$122.78,-,,,,,,,,,,,,,
1905.00,MOTOTRAILLAS TORNAPOLLS,,,,,,,,,,,,,,,,
1905.01,De 0 a 100 HP hasta otros modelos,HR,RD$160.14,-,,,,,,,,,,,,,
1905.02,De 151 a 300 HP hasta CAT-621 o similares,HR,RD$185.06,-,,,,,,,,,,,,,
1905.03,De 301 a 450 HP hasta CAT-631D o similares,HR,RD$195.73,-,,,,,,,,,,,,,
1906.00,RETROEXCAVADORAS,,,,,,,,,,,,,,,,
1906.01,De 0 a 100 HP hasta otros modelos,HR,RD$133.45,-,,,,,,,,,,,,,
1906.02,De 101 a 150 HP hasta CAT-225 o similares,HR,RD$144.12,-,,,,,,,,,,,,,
1906.03,De 151 a 215 HP hasta CAT-235 o similares,HR,RD$195.73,-,,,,,,,,,,,,,
2000.00,FORMALETAS,,,,,,,,,,,,,,,,
2000.01,"Mano de obra encofrado, desencofrado y malla muros y losas con formaletas por unidad de área en planta",M2,"RD$1,279.61",4.25,"RD$4,855.35",,1,,,2,,,,,,,
2000.02,Subida de sistema de formaletas,M2,RD$7.79,308.50,"RD$2,145.70",,,,,,2,,,,,,
2100.00,DEMOLICIONES,,,,,,,,,,,,,,,,
2100.01,Demolición a mano muro de mampostería blocks,M3,"RD$1,201.66",1.00,"RD$1,072.85",,,,,,1,,,,,,
2100.02,Demolición a mano muro de hormigón armado,M3,"RD$2,670.36",0.45,"RD$1,072.85",,,,,,1,,,,,,
2100.03,"Demolición a mano elementos hormigón armado (zapatas, vigas, cols.)",M3,"RD$2,670.36",0.45,"RD$1,072.85",,,,,,1,,,,,,
2100.04,Demolición a mano losa de techo en hormigón armado,M3,"RD$4,806.70",0.25,"RD$1,072.85",,,,,,1,,,,,,
,*Se recupera 0.40qq de acero por M2,,,,,,,,,,,,,,,,
2200.00,CONSTRUCCION LIGERA,,,,,,,,,,,,,,,,
2200.01,Mano de obra paredes de sheetrock,M2,RD$550.00,8.50,"RD$3,595.01",,1,,,1,,,,,,,
2200.02,Mano de obra paredes en densglass ,M2,RD$680.00,6.00,"RD$3,595.01",,1,,,1,,,,,,,
2200.03,Mano de obra techo en sheetrock,M2,RD$450.00,8.50,"RD$3,595.01",,1,,,1,,,,,,,
2200.04,Mano de obra techo en densglass ,M2,RD$550.00,8.50,"RD$3,595.01",,1,,,1,,,,,,,
2200.04,Mano de obra facias por cara en techos en sheetrock,ML,RD$400.00,14.00,"RD$3,595.01",,1,,,1,,,,,,,
2200.05,Mano de obra plafond en suspensión,M2,RD$383.50,10.50,"RD$3,595.01",,1,,,1,,,,,,,
2200.06,Mano de obra colocacion de masilla en sheetrock,M2,RD$107.39,37.50,"RD$3,595.01",,1,,,1,,,,,,,
2200.07,Mano de obra paredes en durock ,M2,RD$550.00,37.50,"RD$3,595.01",,1,,,1,,,,,,,
2300.00,HERRERIA,,,,,,,,,,,,,,,,
2300.01,Mano de obra herrería,M2,RD$180.00,8.50,"RD$3,595.01",,1,,,1,,,,,,,
,,,,,,,,,,,,,,,,,
,,,,,,,,,,,,,,,,,
,,,,,,,,,,,,,,,,,
,,,,,,,,,,,,,,,,,
,,,,,,,,,,,,,,,,,
,,,,,,,,,,,,,,,,,
,,,,,,,,,,,,,,,,,
,,,,,,,,,,,,,,,,,
,,,,,,,,,,,,,,,,,
,,,,,,,,,,,,,,,,,
,,,,,,,,,,,,,,,,,
,,,,,,,,,,,,,,,,,
,,,,,,,,,,,,,,,,,
,,,,,,,,,,,,,,,,,
,,,,,,,,,,,,,,,,,
,,,,,,,,,,,,,,,,,
,,,,,,,,,,,,,,,,,
,,,,,,,,,,,,,,,,,
,,,,,,,,,,,,,,,,,
,,,,,,,,,,,,,,,,,
,,,,,,,,,,,,,,,,,
,,,,,,,,,,,,,,,,,
,,,,,,,,,,,,,,,,,
,,,,,,,,,,,,,,,,,
,,,,,,,,,,,,,,,,,
,,,,,,,,,,,,,,,,,
,,,,,,,,,,,,,,,,,
,,,,,,,,,,,,,,,,,
,,,,,,,,,,,,,,,,,
,,,,,,,,,,,,,,,,,
,,,,,,,,,,,,,,,,,
,,,,,,,,,,,,,,,,,
,,,,,,,,,,,,,,,,,
,,,,,,,,,,,,,,,,,
,,,,,,,,,,,,,,,,,
,,,,,,,,,,,,,,,,,
,,,,,,,,,,,,,,,,,
,,,,,,,,,,,,,,,,,
,,,,,,,,,,,,,,,,,
,,,,,,,,,,,,,,,,,
,,,,,,,,,,,,,,,,,
,,,,,,,,,,,,,,,,,
,,,,,,,,,,,,,,,,,
,,,,,,,,,,,,,,,,,
,,,,,,,,,,,,,,,,,
,,,,,,,,,,,,,,,,,
,,,,,,,,,,,,,,,,,
,,,,,,,,,,,,,,,,,
,,,,,,,,,,,,,,,,,
,,,,,,,,,,,,,,,,,
,,,,,,,,,,,,,,,,,
,,,,,,,,,,,,,,,,,
,,,,,,,,,,,,,,,,,
,,,,,,,,,,,,,,,,,
,,,,,,,,,,,,,,,,,
,,,,,,,,,,,,,,,,,
,,,,,,,,,,,,,,,,,
,,,,,,,,,,,,,,,,,
,,,,,,,,,,,,,,,,,
,,,,,,,,,,,,,,,,,
,,,,,,,,,,,,,,,,,
,,,,,,,,,,,,,,,,,
,,,,,,,,,,,,,,,,,
,,,,,,,,,,,,,,,,,
,,,,,,,,,,,,,,,,,
,,,,,,,,,,,,,,,,,
,,,,,,,,,,,,,,,,,
,,,,,,,,,,,,,,,,,
,,,,,,,,,,,,,,,,,
,,,,,,,,,,,,,,,,,
,,,,,,,,,,,,,,,,,
,,,,,,,,,,,,,,,,,
,,,,,,,,,,,,,,,,,
,,,,,,,,,,,,,,,,,
,,,,,,,,,,,,,,,,,
,,,,,,,,,,,,,,,,,
,,,,,,,,,,,,,,,,,
,,,,,,,,,,,,,,,,,
,,,,,,,,,,,,,,,,,
,,,,,,,,,,,,,,,,,
,,,,,,,,,,,,,,,,,
,,,,,,,,,,,,,,,,,
,,,,,,,,,,,,,,,,,
,,,,,,,,,,,,,,,,,
,,,,,,,,,,,,,,,,,
,,,,,,,,,,,,,,,,,
,,,,,,,,,,,,,,,,,
,,,,,,,,,,,,,,,,,
,,,,,,,,,,,,,,,,,
,,,,,,,,,,,,,,,,,
,,,,,,,,,,,,,,,,,
,,,,,,,,,,,,,,,,,
,,,,,,,,,,,,,,,,,
,,,,,,,,,,,,,,,,,
,,,,,,,,,,,,,,,,,
,,,,,,,,,,,,,,,,,
,,,,,,,,,,,,,,,,,
,,,,,,,,,,,,,,,,,
,,,,,,,,,,,,,,,,,
,,,,,,,,,,,,,,,,,
,,,,,,,,,,,,,,,,,
,,,,,,,,,,,,,,,,,
,,,,,,,,,,,,,,,,,
,,,,,,,,,,,,,,,,,
,,,,,,,,,,,,,,,,,
,,,,,,,,,,,,,,,,,
,,,,,,,,,,,,,,,,,
,,,,,,,,,,,,,,,,,
,,,,,,,,,,,,,,,,,
,,,,,,,,,,,,,,,,,
,,,,,,,,,,,,,,,,,
,,,,,,,,,,,,,,,,,
,,,,,,,,,,,,,,,,,
,,,,,,,,,,,,,,,,,
,,,,,,,,,,,,,,,,,
,,,,,,,,,,,,,,,,,
,,,,,,,,,,,,,,,,,
,,,,,,,,,,,,,,,,,
,,,,,,,,,,,,,,,,,
,,,,,,,,,,,,,,,,,
,,,,,,,,,,,,,,,,,
,,,,,,,,,,,,,,,,,
,,,,,,,,,,,,,,,,,
,,,,,,,,,,,,,,,,,
,,,,,,,,,,,,,,,,,
,,,,,,,,,,,,,,,,,
,,,,,,,,,,,,,,,,,
,,,,,,,,,,,,,,,,,
,,,,,,,,,,,,,,,,,
,,,,,,,,,,,,,,,,,
,,,,,,,,,,,,,,,,,
,,,,,,,,,,,,,,,,,
,,,,,,,,,,,,,,,,,
,,,,,,,,,,,,,,,,,
,,,,,,,,,,,,,,,,,
,,,,,,,,,,,,,,,,,
,,,,,,,,,,,,,,,,,
,,,,,,,,,,,,,,,,,
,,,,,,,,,,,,,,,,,
,,,,,,,,,,,,,,,,,
,,,,,,,,,,,,,,,,,
,,,,,,,,,,,,,,,,,
,,,,,,,,,,,,,,,,,
,,,,,,,,,,,,,,,,,
,,,,,,,,,,,,,,,,,
,,,,,,,,,,,,,,,,,
,,,,,,,,,,,,,,,,,
,,,,,,,,,,,,,,,,,
,,,,,,,,,,,,,,,,,
